task,seed,mask_id,selected_groups,selected_features,n_groups,n_features,cost,in_path_with_boundaries,refit_gradient_inf,val_bce,val_auroc,val_ap
synthetic_cheap_signal,51966,0,[],"[0, 1]",0,2,0.0,True,1.4951453170192402e-09,0.6795856247673377,0.5708291911609302,0.5178061482461095
synthetic_cheap_signal,51966,1,[0],"[0, 1, 2, 3, 4]",1,5,10.0,True,3.171767382035575e-09,0.527080143140536,0.8079780197415286,0.7715801574864538
synthetic_cheap_signal,51966,2,[1],"[0, 1, 5, 6, 7]",1,5,20.0,False,2.0865971761709198e-10,0.6225693751288474,0.7008477428748111,0.6410830227426205
synthetic_cheap_signal,51966,3,"[0, 1]","[0, 1, 2, 3, 4, 5, 6, 7]",2,8,30.0,True,9.305069895349958e-10,0.43787869640687227,0.8758913824549318,0.8395868856945394
synthetic_cheap_signal,51966,4,[2],"[0, 1, 8, 9, 10]",1,5,35.0,False,3.5785987581257546e-09,0.6820573368073632,0.5626961824173587,0.50742782009578
synthetic_cheap_signal,51966,5,"[0, 2]","[0, 1, 2, 3, 4, 8, 9, 10]",2,8,45.0,False,6.221400607685744e-10,0.5291639331552357,0.8056844956203866,0.7685640416829627
synthetic_cheap_signal,51966,6,"[1, 2]","[0, 1, 5, 6, 7, 8, 9, 10]",2,8,55.0,False,4.757568605388599e-10,0.6234832885900207,0.6990317101235998,0.6367809009493195
synthetic_cheap_signal,51966,7,"[0, 1, 2]","[0, 1, 2, 3, 4, 5, 6, 7, 8, 9, 10]",3,11,65.0,False,1.840111780952673e-09,0.43846221215584325,0.875179059263724,0.838710024548321
synthetic_cheap_signal,51966,8,[3],"[0, 1, 11, 12, 13]",1,5,60.0,False,6.046464561269881e-10,0.6779970642849947,0.5741872862051961,0.5256350808941364
synthetic_cheap_signal,51966,9,"[0, 3]","[0, 1, 2, 3, 4, 11, 12, 13]",2,8,70.0,False,8.608557134552695e-10,0.5247023873329212,0.8092852502133056,0.7758409514114264
synthetic_cheap_signal,51966,10,"[1, 3]","[0, 1, 5, 6, 7, 11, 12, 13]",2,8,80.0,False,1.5045520376865095e-09,0.6210053246116753,0.7033134769982231,0.641891094584857
synthetic_cheap_signal,51966,11,"[0, 1, 3]","[0, 1, 2, 3, 4, 5, 6, 7, 11, 12, 13]",3,11,90.0,False,6.427823032140959e-09,0.4356634854114695,0.8768463651947931,0.8416426263902532
synthetic_cheap_signal,51966,12,"[2, 3]","[0, 1, 8, 9, 10, 11, 12, 13]",2,8,95.0,False,9.684704807489514e-09,0.6803316561762657,0.5659368615509859,0.5128665824129208
synthetic_cheap_signal,51966,13,"[0, 2, 3]","[0, 1, 2, 3, 4, 8, 9, 10, 11, 12, 13]",3,11,105.0,False,7.267804399454555e-10,0.5265141433485723,0.8070386924564192,0.772973099821116
synthetic_cheap_signal,51966,14,"[1, 2, 3]","[0, 1, 5, 6, 7, 8, 9, 10, 11, 12, 13]",3,11,115.0,False,6.028624937325654e-09,0.6218785593922702,0.7019279692526867,0.6384971429776634
synthetic_cheap_signal,51966,15,"[0, 1, 2, 3]","[0, 1, 2, 3, 4, 5, 6, 7, 8, 9, 10, 11, 12, 13]",4,14,125.0,False,9.318535760812894e-10,0.4361167629125466,0.876494117462877,0.8414467320322747
synthetic_cheap_signal,51966,16,[4],"[0, 1, 14, 15, 16]",1,5,90.0,False,9.414151237001141e-10,0.6812326976708329,0.566281281555526,0.5182985773098265
synthetic_cheap_signal,51966,17,"[0, 4]","[0, 1, 2, 3, 4, 14, 15, 16]",2,8,100.0,False,9.16380909502456e-10,0.5281278293036147,0.807210902458689,0.7693380276729748
synthetic_cheap_signal,51966,18,"[1, 4]","[0, 1, 5, 6, 7, 14, 15, 16]",2,8,110.0,False,4.69670621530385e-09,0.6241823771800912,0.6975131310126732,0.6390901811588736
synthetic_cheap_signal,51966,19,"[0, 1, 4]","[0, 1, 2, 3, 4, 5, 6, 7, 14, 15, 16]",3,11,120.0,False,4.495778983712147e-09,0.43877054081159833,0.8743728033440051,0.8381101735532439
synthetic_cheap_signal,51966,20,"[2, 4]","[0, 1, 8, 9, 10, 14, 15, 16]",2,8,125.0,False,2.2132504210085695e-09,0.6836828691361567,0.5592754655540857,0.5061995043749286
synthetic_cheap_signal,51966,21,"[0, 2, 4]","[0, 1, 2, 3, 4, 8, 9, 10, 14, 15, 16]",3,11,135.0,False,1.1454818780224938e-09,0.5300932339933841,0.8051913487957041,0.7664754081463037
synthetic_cheap_signal,51966,22,"[1, 2, 4]","[0, 1, 5, 6, 7, 8, 9, 10, 14, 15, 16]",3,11,145.0,False,1.2602698864975408e-08,0.6250846294973817,0.6958693082637317,0.6355296710105075
synthetic_cheap_signal,51966,23,"[0, 1, 2, 4]","[0, 1, 2, 3, 4, 5, 6, 7, 8, 9, 10, 14, 15, 16]",4,14,155.0,False,1.4045229104331432e-09,0.4392887342560628,0.8743336647071256,0.8383488558890676
synthetic_cheap_signal,51966,24,"[3, 4]","[0, 1, 11, 12, 13, 14, 15, 16]",2,8,150.0,False,5.160438407946554e-10,0.679642751054875,0.5699994520590836,0.5291315715259743
synthetic_cheap_signal,51966,25,"[0, 3, 4]","[0, 1, 2, 3, 4, 11, 12, 13, 14, 15, 16]",3,11,160.0,False,5.3148660282299755e-09,0.525766421131692,0.8084633388388349,0.773498115184729
synthetic_cheap_signal,51966,26,"[1, 3, 4]","[0, 1, 5, 6, 7, 11, 12, 13, 14, 15, 16]",3,11,170.0,False,2.833698371476072e-08,0.6226411670396617,0.7000493146824682,0.6411994069303555
synthetic_cheap_signal,51966,27,"[0, 1, 3, 4]","[0, 1, 2, 3, 4, 5, 6, 7, 11, 12, 13, 14, 15, 16]",4,14,180.0,False,1.1154038271691245e-09,0.4364977040816411,0.8758131051811728,0.8417561006241877
synthetic_cheap_signal,51966,28,"[2, 3, 4]","[0, 1, 8, 9, 10, 11, 12, 13, 14, 15, 16]",3,11,185.0,False,1.4970913970691827e-09,0.6819534307257971,0.5636511651572199,0.5147986269388283
synthetic_cheap_signal,51966,29,"[0, 2, 3, 4]","[0, 1, 2, 3, 4, 8, 9, 10, 11, 12, 13, 14, 15, 16]",4,14,195.0,False,1.171304844619931e-09,0.5274638558566541,0.8066629615423754,0.7714146099861718
synthetic_cheap_signal,51966,30,"[1, 2, 3, 4]","[0, 1, 5, 6, 7, 8, 9, 10, 11, 12, 13, 14, 15, 16]",4,14,205.0,False,2.873224350154981e-08,0.6235033476872243,0.6990473655783517,0.6386156800656736
synthetic_cheap_signal,51966,31,"[0, 1, 2, 3, 4]","[0, 1, 2, 3, 4, 5, 6, 7, 8, 9, 10, 11, 12, 13, 14, 15, 16]",5,17,215.0,False,2.3579861458370796e-09,0.43688363807378766,0.8758052774537968,0.8414216139615737
synthetic_cheap_signal,51966,32,[5],"[0, 1, 17, 18, 19]",1,5,140.0,False,8.677797295507188e-10,0.6835870183942427,0.5545162073095318,0.5033076318018954
synthetic_cheap_signal,51966,33,"[0, 5]","[0, 1, 2, 3, 4, 17, 18, 19]",2,8,150.0,False,8.883603814735533e-10,0.5316021706220249,0.8053635587979742,0.7659234496911715
synthetic_cheap_signal,51966,34,"[1, 5]","[0, 1, 5, 6, 7, 17, 18, 19]",2,8,160.0,False,4.52548999204599e-10,0.6261654455333486,0.6945542500645787,0.6301236601888706
synthetic_cheap_signal,51966,35,"[0, 1, 5]","[0, 1, 2, 3, 4, 5, 6, 7, 17, 18, 19]",3,11,170.0,False,1.8021031313299442e-09,0.4400353667822164,0.8743493201618775,0.8372606130085888
synthetic_cheap_signal,51966,36,"[2, 5]","[0, 1, 8, 9, 10, 17, 18, 19]",2,8,175.0,False,1.5703653825337182e-09,0.6858102979694698,0.5459213626507816,0.49399999747934153
synthetic_cheap_signal,51966,37,"[0, 2, 5]","[0, 1, 2, 3, 4, 8, 9, 10, 17, 18, 19]",3,11,185.0,False,2.769291143124732e-10,0.5334088071951409,0.8032735555886059,0.7639845173750124
synthetic_cheap_signal,51966,38,"[1, 2, 5]","[0, 1, 5, 6, 7, 8, 9, 10, 17, 18, 19]",3,11,195.0,False,2.097194777264681e-09,0.6268734615335079,0.6938810655102503,0.628889917090466
synthetic_cheap_signal,51966,39,"[0, 1, 2, 5]","[0, 1, 2, 3, 4, 5, 6, 7, 8, 9, 10, 17, 18, 19]",4,14,205.0,False,6.839315624514934e-09,0.4404277777391079,0.8741457992501037,0.8365038560064644
synthetic_cheap_signal,51966,40,"[3, 5]","[0, 1, 11, 12, 13, 17, 18, 19]",2,8,200.0,False,1.230142943353631e-08,0.6818958261667364,0.5577412309884071,0.5128828301621171
synthetic_cheap_signal,51966,41,"[0, 3, 5]","[0, 1, 2, 3, 4, 11, 12, 13, 17, 18, 19]",3,11,210.0,False,3.853744197831096e-09,0.5293483770972668,0.8062872306283317,0.7694239486003069
synthetic_cheap_signal,51966,42,"[1, 3, 5]","[0, 1, 5, 6, 7, 11, 12, 13, 17, 18, 19]",3,11,220.0,False,1.5587659924129596e-09,0.6245017242469214,0.698217626476505,0.6333099950722896
synthetic_cheap_signal,51966,43,"[0, 1, 3, 5]","[0, 1, 2, 3, 4, 5, 6, 7, 11, 12, 13, 17, 18, 19]",4,14,230.0,False,3.375025240833675e-09,0.4379695049513541,0.8755861010872713,0.8398912214896231
synthetic_cheap_signal,51966,44,"[2, 3, 5]","[0, 1, 8, 9, 10, 11, 12, 13, 17, 18, 19]",3,11,235.0,False,2.5270034539302415e-09,0.683983089712105,0.5493733904235584,0.500938948552613
synthetic_cheap_signal,51966,45,"[0, 2, 3, 5]","[0, 1, 2, 3, 4, 8, 9, 10, 11, 12, 13, 17, 18, 19]",4,14,245.0,False,1.3352996592369857e-09,0.5308876967432296,0.8045259919687516,0.7680716675370408
synthetic_cheap_signal,51966,46,"[1, 2, 3, 5]","[0, 1, 5, 6, 7, 8, 9, 10, 11, 12, 13, 17, 18, 19]",4,14,255.0,False,1.318294014907408e-08,0.6251713924288602,0.6972548160092681,0.6313800694705022
synthetic_cheap_signal,51966,47,"[0, 1, 2, 3, 5]","[0, 1, 2, 3, 4, 5, 6, 7, 8, 9, 10, 11, 12, 13, 17, 18, 19]",5,17,265.0,False,4.456103923274621e-09,0.43823264745548496,0.8750929542625889,0.8392322656050046
synthetic_cheap_signal,51966,48,"[4, 5]","[0, 1, 14, 15, 16, 17, 18, 19]",2,8,230.0,False,4.572359235757355e-10,0.6851649761975759,0.549404701333062,0.5041115643209388
synthetic_cheap_signal,51966,49,"[0, 4, 5]","[0, 1, 2, 3, 4, 14, 15, 16, 17, 18, 19]",3,11,240.0,False,2.2572446592536606e-09,0.5324234471844496,0.8044790256044962,0.7640318869664073
synthetic_cheap_signal,51966,50,"[1, 4, 5]","[0, 1, 5, 6, 7, 14, 15, 16, 17, 18, 19]",3,11,250.0,False,5.555130907561148e-09,0.6278623226655703,0.6925346964015937,0.6304147799808354
synthetic_cheap_signal,51966,51,"[0, 1, 4, 5]","[0, 1, 2, 3, 4, 5, 6, 7, 14, 15, 16, 17, 18, 19]",4,14,260.0,True,9.237921646002883e-10,0.44092138300263,0.8733708542398885,0.8371590438587809
synthetic_cheap_signal,51966,52,"[2, 4, 5]","[0, 1, 8, 9, 10, 14, 15, 16, 17, 18, 19]",3,11,265.0,False,2.343572384663754e-09,0.687357289489708,0.5423049526031107,0.49407386105997686
synthetic_cheap_signal,51966,53,"[0, 2, 4, 5]","[0, 1, 2, 3, 4, 8, 9, 10, 14, 15, 16, 17, 18, 19]",4,14,275.0,False,1.2394843839674043e-09,0.5341112317218807,0.802905652401938,0.7620731509719378
synthetic_cheap_signal,51966,54,"[1, 2, 4, 5]","[0, 1, 5, 6, 7, 8, 9, 10, 14, 15, 16, 17, 18, 19]",4,14,285.0,False,6.523204242613611e-09,0.628546269024573,0.6910630836549225,0.6282078569933274
synthetic_cheap_signal,51966,55,"[0, 1, 2, 4, 5]","[0, 1, 2, 3, 4, 5, 6, 7, 8, 9, 10, 14, 15, 16, 17, 18, 19]",5,17,295.0,True,1.2063721443377135e-09,0.44124364115189835,0.8731908165102426,0.8366555275507295
synthetic_cheap_signal,51966,56,"[3, 4, 5]","[0, 1, 11, 12, 13, 14, 15, 16, 17, 18, 19]",3,11,290.0,False,3.1548962931311013e-09,0.6834840517246681,0.5518391245469703,0.511678131020245
synthetic_cheap_signal,51966,57,"[0, 3, 4, 5]","[0, 1, 2, 3, 4, 11, 12, 13, 14, 15, 16, 17, 18, 19]",4,14,300.0,False,1.4891031364119801e-09,0.5301948698223845,0.8054888024359887,0.7680680028420336
synthetic_cheap_signal,51966,58,"[1, 3, 4, 5]","[0, 1, 5, 6, 7, 11, 12, 13, 14, 15, 16, 17, 18, 19]",4,14,310.0,False,1.9599277640493083e-08,0.6262252776477617,0.6956344764424545,0.6332659686034694
synthetic_cheap_signal,51966,59,"[0, 1, 3, 4, 5]","[0, 1, 2, 3, 4, 5, 6, 7, 11, 12, 13, 14, 15, 16, 17, 18, 19]",5,17,320.0,False,6.335823581895413e-09,0.4388008816891013,0.8746780847116656,0.8397228280453694
synthetic_cheap_signal,51966,60,"[2, 3, 4, 5]","[0, 1, 8, 9, 10, 11, 12, 13, 14, 15, 16, 17, 18, 19]",4,14,325.0,False,2.6504511976321976e-09,0.6855381696527868,0.5454125603713473,0.5012553268252804
synthetic_cheap_signal,51966,61,"[0, 2, 3, 4, 5]","[0, 1, 2, 3, 4, 8, 9, 10, 11, 12, 13, 14, 15, 16, 17, 18, 19]",5,17,335.0,False,2.5715797819504424e-09,0.5316196304155895,0.8041893996915875,0.7669563178163885
synthetic_cheap_signal,51966,62,"[1, 2, 3, 4, 5]","[0, 1, 5, 6, 7, 8, 9, 10, 11, 12, 13, 14, 15, 16, 17, 18, 19]",5,17,345.0,False,1.2577082778232035e-08,0.6268719683851461,0.6942254855147905,0.630781048962853
synthetic_cheap_signal,51966,63,"[0, 1, 2, 3, 4, 5]","[0, 1, 2, 3, 4, 5, 6, 7, 8, 9, 10, 11, 12, 13, 14, 15, 16, 17, 18, 19]",6,20,355.0,True,1.3814335581595471e-09,0.4389915492500596,0.8744980469820196,0.8394756907538621
synthetic_expensive_signal,51966,0,[],"[0, 1]",0,2,0.0,True,9.775372897977861e-11,0.6845130482644108,0.5635713232612457,0.5006043457826579
synthetic_expensive_signal,51966,1,[0],"[0, 1, 2, 3, 4]",1,5,10.0,False,5.91051063005151e-11,0.6846481122224031,0.5637032381218428,0.5002674900712661
synthetic_expensive_signal,51966,2,[1],"[0, 1, 5, 6, 7]",1,5,20.0,False,2.5655214759196992e-09,0.6851307319049164,0.5604131263045993,0.500136139231687
synthetic_expensive_signal,51966,3,"[0, 1]","[0, 1, 2, 3, 4, 5, 6, 7]",2,8,30.0,False,1.0666288217616168e-08,0.6852911713128642,0.5597613116992962,0.4995075434085089
synthetic_expensive_signal,51966,4,[2],"[0, 1, 8, 9, 10]",1,5,35.0,False,3.845205840066361e-09,0.6213485522164591,0.7077387464984365,0.6695867143804148
synthetic_expensive_signal,51966,5,"[0, 2]","[0, 1, 2, 3, 4, 8, 9, 10]",2,8,45.0,False,9.53837247772186e-10,0.6214157289847693,0.7079249792428087,0.6692206748809871
synthetic_expensive_signal,51966,6,"[1, 2]","[0, 1, 5, 6, 7, 8, 9, 10]",2,8,55.0,False,3.406102335402333e-09,0.6214546571841346,0.7076844286146612,0.6681600889400812
synthetic_expensive_signal,51966,7,"[0, 1, 2]","[0, 1, 2, 3, 4, 5, 6, 7, 8, 9, 10]",3,11,65.0,False,5.844507511130804e-09,0.6215460046885327,0.7073585213120097,0.6682931634750517
synthetic_expensive_signal,51966,8,[3],"[0, 1, 11, 12, 13]",1,5,60.0,False,9.535938773924899e-10,0.6865790942248892,0.555353803415819,0.4911418765443514
synthetic_expensive_signal,51966,9,"[0, 3]","[0, 1, 2, 3, 4, 11, 12, 13]",2,8,70.0,False,1.2614984196571603e-09,0.6867415947331581,0.5548649424618417,0.4899665320073824
synthetic_expensive_signal,51966,10,"[1, 3]","[0, 1, 5, 6, 7, 11, 12, 13]",2,8,80.0,False,2.8110560866626697e-09,0.6871984527575496,0.5528396613667933,0.49243547785499453
synthetic_expensive_signal,51966,11,"[0, 1, 3]","[0, 1, 2, 3, 4, 5, 6, 7, 11, 12, 13]",3,11,90.0,False,1.3716494732106968e-09,0.6873862658156284,0.552094730389304,0.49273978553950276
synthetic_expensive_signal,51966,12,"[2, 3]","[0, 1, 8, 9, 10, 11, 12, 13]",2,8,95.0,False,1.1001726894815022e-09,0.6257224551953542,0.7006541425146076,0.6603948252610896
synthetic_expensive_signal,51966,13,"[0, 2, 3]","[0, 1, 2, 3, 4, 8, 9, 10, 11, 12, 13]",3,11,105.0,False,7.802451614030119e-09,0.6258015203458344,0.7006153440261967,0.6604611242881147
synthetic_expensive_signal,51966,14,"[1, 2, 3]","[0, 1, 5, 6, 7, 8, 9, 10, 11, 12, 13]",3,11,115.0,False,7.479217317535953e-09,0.6258648281408757,0.7005532664447394,0.660701835743041
synthetic_expensive_signal,51966,15,"[0, 1, 2, 3]","[0, 1, 2, 3, 4, 5, 6, 7, 8, 9, 10, 11, 12, 13]",4,14,125.0,False,1.4668045002578011e-08,0.6259705680550662,0.7005067082586462,0.6611207854348666
synthetic_expensive_signal,51966,16,[4],"[0, 1, 14, 15, 16]",1,5,90.0,True,4.0841236349873494e-10,0.5364627540255318,0.8047504869210296,0.769501499032283
synthetic_expensive_signal,51966,17,"[0, 4]","[0, 1, 2, 3, 4, 14, 15, 16]",2,8,100.0,False,1.2922750773657933e-10,0.53688458148485,0.804727207827983,0.7687362703175331
synthetic_expensive_signal,51966,18,"[1, 4]","[0, 1, 5, 6, 7, 14, 15, 16]",2,8,110.0,False,1.4898580070923755e-09,0.5373150883086077,0.8038115635014861,0.7665459534393193
synthetic_expensive_signal,51966,19,"[0, 1, 4]","[0, 1, 2, 3, 4, 5, 6, 7, 14, 15, 16]",3,11,120.0,False,8.354354847221846e-10,0.5378911397863007,0.8037805247107573,0.7652983762853947
synthetic_expensive_signal,51966,20,"[2, 4]","[0, 1, 8, 9, 10, 14, 15, 16]",2,8,125.0,True,1.5029002907032343e-09,0.4498611080899439,0.8694430864973501,0.854131833886234
synthetic_expensive_signal,51966,21,"[0, 2, 4]","[0, 1, 2, 3, 4, 8, 9, 10, 14, 15, 16]",3,11,135.0,False,1.9546651692256643e-09,0.45100830008931136,0.8687447137059541,0.8527551515461201
synthetic_expensive_signal,51966,22,"[1, 2, 4]","[0, 1, 5, 6, 7, 8, 9, 10, 14, 15, 16]",3,11,145.0,False,2.647832359498211e-09,0.4509107009503237,0.8689852643341014,0.8526932537628821
synthetic_expensive_signal,51966,23,"[0, 1, 2, 4]","[0, 1, 2, 3, 4, 5, 6, 7, 8, 9, 10, 14, 15, 16]",4,14,155.0,False,5.8041127300395914e-09,0.452170109011296,0.8683644885195272,0.8513568845368717
synthetic_expensive_signal,51966,24,"[3, 4]","[0, 1, 11, 12, 13, 14, 15, 16]",2,8,150.0,False,2.4862305886741345e-10,0.5376520163616033,0.8039512380597652,0.7691283381976046
synthetic_expensive_signal,51966,25,"[0, 3, 4]","[0, 1, 2, 3, 4, 11, 12, 13, 14, 15, 16]",3,11,160.0,False,1.3501724306321699e-09,0.5380867755293867,0.8033615010359196,0.7672401462316856
synthetic_expensive_signal,51966,26,"[1, 3, 4]","[0, 1, 5, 6, 7, 11, 12, 13, 14, 15, 16]",3,11,170.0,False,1.7862468099634032e-09,0.5384732033850432,0.8028648803842602,0.7657801512815352
synthetic_expensive_signal,51966,27,"[0, 1, 3, 4]","[0, 1, 2, 3, 4, 5, 6, 7, 11, 12, 13, 14, 15, 16]",4,14,180.0,False,1.2145469613752703e-09,0.5390535593978961,0.8028493609888958,0.7651701353134642
synthetic_expensive_signal,51966,28,"[2, 3, 4]","[0, 1, 8, 9, 10, 11, 12, 13, 14, 15, 16]",3,11,185.0,False,1.5387953876210394e-09,0.45395200678750386,0.8664245640989827,0.8515477628963033
synthetic_expensive_signal,51966,29,"[0, 2, 3, 4]","[0, 1, 2, 3, 4, 8, 9, 10, 11, 12, 13, 14, 15, 16]",4,14,195.0,False,7.832549627574724e-09,0.45511446648457105,0.8663159283314322,0.8507537706321753
synthetic_expensive_signal,51966,30,"[1, 2, 3, 4]","[0, 1, 5, 6, 7, 8, 9, 10, 11, 12, 13, 14, 15, 16]",4,14,205.0,True,2.0333550521184862e-09,0.4550627452351457,0.8662538507499749,0.8504002274715592
synthetic_expensive_signal,51966,31,"[0, 1, 2, 3, 4]","[0, 1, 2, 3, 4, 5, 6, 7, 8, 9, 10, 11, 12, 13, 14, 15, 16]",5,17,215.0,False,2.5121956464401488e-09,0.4563224676511676,0.8659357031450056,0.8492496717612089
synthetic_expensive_signal,51966,32,[5],"[0, 1, 17, 18, 19]",1,5,140.0,False,4.008919343340719e-10,0.6838689977424193,0.5683202582427388,0.49999863367248065
synthetic_expensive_signal,51966,33,"[0, 5]","[0, 1, 2, 3, 4, 17, 18, 19]",2,8,150.0,False,3.6729079843090783e-09,0.683991090155233,0.5677848391026685,0.4976175598266621
synthetic_expensive_signal,51966,34,"[1, 5]","[0, 1, 5, 6, 7, 17, 18, 19]",2,8,160.0,False,2.0057714217241665e-09,0.6845331700866419,0.5642386572619131,0.49880187276833987
synthetic_expensive_signal,51966,35,"[0, 1, 5]","[0, 1, 2, 3, 4, 5, 6, 7, 17, 18, 19]",3,11,170.0,False,2.615845101606547e-09,0.6846831701536789,0.5635480441681991,0.4980766596848236
synthetic_expensive_signal,51966,36,"[2, 5]","[0, 1, 8, 9, 10, 17, 18, 19]",2,8,175.0,False,1.6670735304219952e-09,0.6211741718101168,0.7078318628706226,0.6686935785905973
synthetic_expensive_signal,51966,37,"[0, 2, 5]","[0, 1, 2, 3, 4, 8, 9, 10, 17, 18, 19]",3,11,185.0,False,3.815949877000139e-09,0.6212387701467683,0.7083440029176463,0.6689984372265695
synthetic_expensive_signal,51966,38,"[1, 2, 5]","[0, 1, 5, 6, 7, 8, 9, 10, 17, 18, 19]",3,11,195.0,False,2.3230653912526557e-09,0.6212951333113974,0.708157770173274,0.6700060921960935
synthetic_expensive_signal,51966,39,"[0, 1, 2, 5]","[0, 1, 2, 3, 4, 5, 6, 7, 8, 9, 10, 17, 18, 19]",4,14,205.0,False,6.6454953571290355e-09,0.621386104739766,0.7074981958702888,0.6684137921704997
synthetic_expensive_signal,51966,40,"[3, 5]","[0, 1, 11, 12, 13, 17, 18, 19]",2,8,200.0,False,5.039711367432418e-10,0.6858683049284697,0.5595207610711487,0.4865752659566397
synthetic_expensive_signal,51966,41,"[0, 3, 5]","[0, 1, 2, 3, 4, 11, 12, 13, 17, 18, 19]",3,11,210.0,False,3.351368787862322e-09,0.6860200907315905,0.5592026134661793,0.4878180083953846
synthetic_expensive_signal,51966,42,"[1, 3, 5]","[0, 1, 5, 6, 7, 11, 12, 13, 17, 18, 19]",3,11,220.0,False,3.620439416245946e-09,0.6865248633740659,0.5578291469764338,0.4900993869190512
synthetic_expensive_signal,51966,43,"[0, 1, 3, 5]","[0, 1, 2, 3, 4, 5, 6, 7, 11, 12, 13, 17, 18, 19]",4,14,230.0,False,8.065898460718625e-09,0.686705064093038,0.5565099983704634,0.4902366337022626
synthetic_expensive_signal,51966,44,"[2, 3, 5]","[0, 1, 8, 9, 10, 11, 12, 13, 17, 18, 19]",3,11,235.0,False,1.0801587147358094e-09,0.625501837580451,0.7009024528404373,0.6609474214285344
synthetic_expensive_signal,51966,45,"[0, 2, 3, 5]","[0, 1, 2, 3, 4, 8, 9, 10, 11, 12, 13, 17, 18, 19]",4,14,245.0,False,5.997084419490881e-09,0.6255827700592802,0.7007627782821582,0.6605430753815908
synthetic_expensive_signal,51966,46,"[1, 2, 3, 5]","[0, 1, 5, 6, 7, 8, 9, 10, 11, 12, 13, 17, 18, 19]",4,14,255.0,False,1.5524983377086144e-08,0.6256539785106933,0.7007938170728869,0.6602566517996492
synthetic_expensive_signal,51966,47,"[0, 1, 2, 3, 5]","[0, 1, 2, 3, 4, 5, 6, 7, 8, 9, 10, 11, 12, 13, 17, 18, 19]",5,17,265.0,False,1.5767402900020828e-08,0.6257635285419464,0.7010188483056701,0.6607892433318343
synthetic_expensive_signal,51966,48,"[4, 5]","[0, 1, 14, 15, 16, 17, 18, 19]",2,8,230.0,False,7.270603858821213e-10,0.5381950166223317,0.8032606249660513,0.7676749917719738
synthetic_expensive_signal,51966,49,"[0, 4, 5]","[0, 1, 2, 3, 4, 14, 15, 16, 17, 18, 19]",3,11,240.0,False,2.210027658504387e-09,0.5384508253020499,0.8036330904547959,0.7665102192846812
synthetic_expensive_signal,51966,50,"[1, 4, 5]","[0, 1, 5, 6, 7, 14, 15, 16, 17, 18, 19]",3,11,250.0,False,1.050618392182281e-09,0.5389800103216961,0.8021975463835929,0.7638069250269041
synthetic_expensive_signal,51966,51,"[0, 1, 4, 5]","[0, 1, 2, 3, 4, 5, 6, 7, 14, 15, 16, 17, 18, 19]",4,14,260.0,False,5.349644544076219e-09,0.5394004468866165,0.8022751433604146,0.7627938093557132
synthetic_expensive_signal,51966,52,"[2, 4, 5]","[0, 1, 8, 9, 10, 14, 15, 16, 17, 18, 19]",3,11,265.0,False,1.3122766066072516e-09,0.45212040140889576,0.8681472169844263,0.8527528618287817
synthetic_expensive_signal,51966,53,"[0, 2, 4, 5]","[0, 1, 2, 3, 4, 8, 9, 10, 14, 15, 16, 17, 18, 19]",4,14,275.0,False,3.9412983632049396e-09,0.4530393754221082,0.867650596332767,0.8518545022097188
synthetic_expensive_signal,51966,54,"[1, 2, 4, 5]","[0, 1, 5, 6, 7, 8, 9, 10, 14, 15, 16, 17, 18, 19]",4,14,285.0,False,2.0404035083479514e-09,0.4530051890729539,0.8677747514956817,0.8518667026798932
synthetic_expensive_signal,51966,55,"[0, 1, 2, 4, 5]","[0, 1, 2, 3, 4, 5, 6, 7, 8, 9, 10, 14, 15, 16, 17, 18, 19]",5,17,295.0,False,5.7420119104221795e-09,0.4540458170435376,0.8673324487277976,0.8506297026814532
synthetic_expensive_signal,51966,56,"[3, 4, 5]","[0, 1, 11, 12, 13, 14, 15, 16, 17, 18, 19]",3,11,290.0,False,8.16262764273563e-09,0.5392391451207275,0.8028493609888959,0.7671388854519905
synthetic_expensive_signal,51966,57,"[0, 3, 4, 5]","[0, 1, 2, 3, 4, 11, 12, 13, 14, 15, 16, 17, 18, 19]",4,14,300.0,False,6.923151460592913e-09,0.5395126117254679,0.8024225776163761,0.7658355056664616
synthetic_expensive_signal,51966,58,"[1, 3, 4, 5]","[0, 1, 5, 6, 7, 11, 12, 13, 14, 15, 16, 17, 18, 19]",4,14,310.0,False,9.57903372718154e-10,0.5399787850516747,0.8017940421041196,0.7641503599817838
synthetic_expensive_signal,51966,59,"[0, 1, 3, 4, 5]","[0, 1, 2, 3, 4, 5, 6, 7, 11, 12, 13, 14, 15, 16, 17, 18, 19]",5,17,320.0,False,1.8018998309519567e-09,0.5404083820459711,0.8018018018018018,0.7636823483548709
synthetic_expensive_signal,51966,60,"[2, 3, 4, 5]","[0, 1, 8, 9, 10, 11, 12, 13, 14, 15, 16, 17, 18, 19]",4,14,325.0,False,5.573628121518782e-10,0.45595206436471786,0.8655865167493074,0.8508032101211764
synthetic_expensive_signal,51966,61,"[0, 2, 3, 4, 5]","[0, 1, 2, 3, 4, 8, 9, 10, 11, 12, 13, 14, 15, 16, 17, 18, 19]",5,17,335.0,False,1.3286909439065662e-08,0.4569046382745299,0.8649735006324154,0.8494180042416617
synthetic_expensive_signal,51966,62,"[1, 2, 3, 4, 5]","[0, 1, 5, 6, 7, 8, 9, 10, 11, 12, 13, 14, 15, 16, 17, 18, 19]",5,17,345.0,True,3.918100786455786e-09,0.4568803976214859,0.8654856406794391,0.8496088003174012
synthetic_expensive_signal,51966,63,"[0, 1, 2, 3, 4, 5]","[0, 1, 2, 3, 4, 5, 6, 7, 8, 9, 10, 11, 12, 13, 14, 15, 16, 17, 18, 19]",6,20,355.0,True,3.4785354739621643e-09,0.4579401033350981,0.8649890200277797,0.8483812532620172
synthetic_free_signal,51966,0,[],"[0, 1]",0,2,0.0,True,6.167782128651277e-12,0.4753622480849146,0.8499733299865081,0.8077787892262467
synthetic_free_signal,51966,1,[0],"[0, 1, 2, 3, 4]",1,5,10.0,False,2.8632494115466214e-09,0.47695799086236973,0.8488202441090648,0.8058321922091873
synthetic_free_signal,51966,2,[1],"[0, 1, 5, 6, 7]",1,5,20.0,False,7.068228668918701e-10,0.47504032746756225,0.8503420037024253,0.807709783792923
synthetic_free_signal,51966,3,"[0, 1]","[0, 1, 2, 3, 4, 5, 6, 7]",2,8,30.0,False,1.4674552668149601e-09,0.47642288962009993,0.8493065796492109,0.8061107121920049
synthetic_free_signal,51966,4,[2],"[0, 1, 8, 9, 10]",1,5,35.0,False,6.583747317719183e-10,0.4748048655427681,0.849941953500047,0.8085083454146622
synthetic_free_signal,51966,5,"[0, 2]","[0, 1, 2, 3, 4, 8, 9, 10]",2,8,45.0,False,4.6252360513604276e-09,0.4764216284351426,0.8494556179599009,0.8071555700126769
synthetic_free_signal,51966,6,"[1, 2]","[0, 1, 5, 6, 7, 8, 9, 10]",2,8,55.0,False,9.720488353370162e-10,0.47451841525813576,0.8507185215399581,0.808923154721191
synthetic_free_signal,51966,7,"[0, 1, 2]","[0, 1, 2, 3, 4, 5, 6, 7, 8, 9, 10]",3,11,65.0,False,8.553295434659929e-10,0.4759280753620534,0.8498399799190488,0.8072338293004276
synthetic_free_signal,51966,8,[3],"[0, 1, 11, 12, 13]",1,5,60.0,False,5.128261949876364e-10,0.4751300794901468,0.849879200527125,0.8084754322391677
synthetic_free_signal,51966,9,"[0, 3]","[0, 1, 2, 3, 4, 11, 12, 13]",2,8,70.0,False,3.709455116049208e-09,0.47664972460504945,0.8490163471494463,0.8065962022470037
synthetic_free_signal,51966,10,"[1, 3]","[0, 1, 5, 6, 7, 11, 12, 13]",2,8,80.0,False,2.225607587583354e-09,0.474882827611454,0.8501929653917354,0.8083059973120053
synthetic_free_signal,51966,11,"[0, 1, 3]","[0, 1, 2, 3, 4, 5, 6, 7, 11, 12, 13]",3,11,90.0,False,1.2422546828858504e-09,0.4761892840019459,0.8490320353926768,0.8058968209703121
synthetic_free_signal,51966,12,"[2, 3]","[0, 1, 8, 9, 10, 11, 12, 13]",2,8,95.0,False,6.4828399451124755e-09,0.4745689352468338,0.850451821405039,0.8099507445856798
synthetic_free_signal,51966,13,"[0, 2, 3]","[0, 1, 2, 3, 4, 8, 9, 10, 11, 12, 13]",3,11,105.0,False,1.7719514267400672e-09,0.47611668383912886,0.8495654356625145,0.8076291052737765
synthetic_free_signal,51966,14,"[1, 2, 3]","[0, 1, 5, 6, 7, 8, 9, 10, 11, 12, 13]",3,11,115.0,False,3.3804893368739977e-09,0.4743585292452685,0.8505851714724986,0.8092959861966205
synthetic_free_signal,51966,15,"[0, 1, 2, 3]","[0, 1, 2, 3, 4, 5, 6, 7, 8, 9, 10, 11, 12, 13]",4,14,125.0,False,3.648923242785021e-09,0.47569819034705285,0.8497066298515892,0.8071977763944057
synthetic_free_signal,51966,16,[4],"[0, 1, 14, 15, 16]",1,5,90.0,False,4.098210042519104e-09,0.47431767915579987,0.8507969627561107,0.8103771892657147
synthetic_free_signal,51966,17,"[0, 4]","[0, 1, 2, 3, 4, 14, 15, 16]",2,8,100.0,False,3.1012029433135985e-09,0.47591380432905434,0.8498007593109724,0.807946474212446
synthetic_free_signal,51966,18,"[1, 4]","[0, 1, 5, 6, 7, 14, 15, 16]",2,8,110.0,False,9.611172383850934e-10,0.4737992744030006,0.8510636628910295,0.8104773133591503
synthetic_free_signal,51966,19,"[0, 1, 4]","[0, 1, 2, 3, 4, 5, 6, 7, 14, 15, 16]",3,11,120.0,False,3.934593599224453e-09,0.4751932983914914,0.850028238837815,0.8080914147897738
synthetic_free_signal,51966,20,"[2, 4]","[0, 1, 8, 9, 10, 14, 15, 16]",2,8,125.0,False,7.292815718745362e-09,0.47358738353594065,0.8511813247152584,0.8112821362917642
synthetic_free_signal,51966,21,"[0, 2, 4]","[0, 1, 2, 3, 4, 8, 9, 10, 14, 15, 16]",3,11,135.0,False,7.09462977816176e-09,0.475217905131427,0.8505773273508833,0.8094054304643841
synthetic_free_signal,51966,22,"[1, 2, 4]","[0, 1, 5, 6, 7, 8, 9, 10, 14, 15, 16]",3,11,145.0,False,8.965614746247281e-10,0.4731148943933456,0.8514872454582538,0.8114263615998036
synthetic_free_signal,51966,23,"[0, 1, 2, 4]","[0, 1, 2, 3, 4, 5, 6, 7, 8, 9, 10, 14, 15, 16]",4,14,155.0,False,8.353034970320591e-10,0.47454855510090665,0.8508440274858021,0.809220523076019
synthetic_free_signal,51966,24,"[3, 4]","[0, 1, 11, 12, 13, 14, 15, 16]",2,8,150.0,False,1.685017897711445e-09,0.47413419712448057,0.8509146245803394,0.8111832542347498
synthetic_free_signal,51966,25,"[0, 3, 4]","[0, 1, 2, 3, 4, 11, 12, 13, 14, 15, 16]",3,11,160.0,False,4.793496219938518e-10,0.4756589807931683,0.8499262652568165,0.8087211037827646
synthetic_free_signal,51966,26,"[1, 3, 4]","[0, 1, 5, 6, 7, 11, 12, 13, 14, 15, 16]",3,11,170.0,False,4.187418629116136e-09,0.4736933731893144,0.8508361833641869,0.8106885369911971
synthetic_free_signal,51966,27,"[0, 1, 3, 4]","[0, 1, 2, 3, 4, 5, 6, 7, 11, 12, 13, 14, 15, 16]",4,14,180.0,False,6.379852192541839e-09,0.4750171545011196,0.8498635122838945,0.8085192280773906
synthetic_free_signal,51966,28,"[2, 3, 4]","[0, 1, 8, 9, 10, 11, 12, 13, 14, 15, 16]",3,11,185.0,False,4.001314980003976e-10,0.47339574330413114,0.8513931159988705,0.8121660485379939
synthetic_free_signal,51966,29,"[0, 2, 3, 4]","[0, 1, 2, 3, 4, 8, 9, 10, 11, 12, 13, 14, 15, 16]",4,14,195.0,False,2.8898963716570813e-10,0.47496248198112145,0.8506243920805748,0.8097386186718291
synthetic_free_signal,51966,30,"[1, 2, 3, 4]","[0, 1, 5, 6, 7, 8, 9, 10, 11, 12, 13, 14, 15, 16]",4,14,205.0,False,7.744425657180305e-09,0.4730027491415229,0.8515813749176366,0.8121410990909925
synthetic_free_signal,51966,31,"[0, 1, 2, 3, 4]","[0, 1, 2, 3, 4, 5, 6, 7, 8, 9, 10, 11, 12, 13, 14, 15, 16]",5,17,215.0,False,1.0510664838446448e-08,0.4743728623339354,0.8505694832292678,0.8092613801124541
synthetic_free_signal,51966,32,[5],"[0, 1, 17, 18, 19]",1,5,140.0,False,9.96362615737691e-10,0.4744968987189786,0.8503420037024254,0.807703046151646
synthetic_free_signal,51966,33,"[0, 5]","[0, 1, 2, 3, 4, 17, 18, 19]",2,8,150.0,False,1.8592086067968047e-09,0.4762620181838407,0.8491653854601362,0.805811282421407
synthetic_free_signal,51966,34,"[1, 5]","[0, 1, 5, 6, 7, 17, 18, 19]",2,8,160.0,False,2.3036238418942904e-09,0.4739926016978928,0.85107935113426,0.807960527458451
synthetic_free_signal,51966,35,"[0, 1, 5]","[0, 1, 2, 3, 4, 5, 6, 7, 17, 18, 19]",3,11,170.0,False,4.697586799047327e-09,0.47551792190782877,0.8500517712026607,0.8064671944402968
synthetic_free_signal,51966,36,"[2, 5]","[0, 1, 8, 9, 10, 17, 18, 19]",2,8,175.0,False,2.420852035442411e-10,0.4738695517488797,0.8506087038373444,0.8083383862040048
synthetic_free_signal,51966,37,"[0, 2, 5]","[0, 1, 2, 3, 4, 8, 9, 10, 17, 18, 19]",3,11,185.0,False,6.173576888417187e-10,0.4756467093234472,0.8496595651218977,0.8065569643673222
synthetic_free_signal,51966,38,"[1, 2, 5]","[0, 1, 5, 6, 7, 8, 9, 10, 17, 18, 19]",3,11,195.0,False,6.676777052491703e-10,0.4734008219695531,0.8513538953907941,0.8089151040057893
synthetic_free_signal,51966,39,"[0, 1, 2, 5]","[0, 1, 2, 3, 4, 5, 6, 7, 8, 9, 10, 17, 18, 19]",4,14,205.0,False,3.5487389300409354e-09,0.47494402240957306,0.8500753035675066,0.8069537537719121
synthetic_free_signal,51966,40,"[3, 5]","[0, 1, 11, 12, 13, 17, 18, 19]",2,8,200.0,False,3.138166942305709e-09,0.47444966325815235,0.8499890182297385,0.8081705950015985
synthetic_free_signal,51966,41,"[0, 3, 5]","[0, 1, 2, 3, 4, 11, 12, 13, 17, 18, 19]",3,11,210.0,False,2.578609169451903e-10,0.47614626547542005,0.8489849706629852,0.8059880965698929
synthetic_free_signal,51966,42,"[1, 3, 5]","[0, 1, 5, 6, 7, 11, 12, 13, 17, 18, 19]",3,11,220.0,False,5.419913820073166e-09,0.4740280431188953,0.8506871450534971,0.8088743040279774
synthetic_free_signal,51966,43,"[0, 1, 3, 5]","[0, 1, 2, 3, 4, 5, 6, 7, 11, 12, 13, 17, 18, 19]",4,14,230.0,False,3.929292013213749e-09,0.47548677593322797,0.8498635122838946,0.8070114253993399
synthetic_free_signal,51966,44,"[2, 3, 5]","[0, 1, 8, 9, 10, 11, 12, 13, 17, 18, 19]",3,11,235.0,False,1.0951289943683846e-09,0.4738046621156007,0.8508518716074174,0.8094254846125839
synthetic_free_signal,51966,45,"[0, 2, 3, 5]","[0, 1, 2, 3, 4, 8, 9, 10, 11, 12, 13, 17, 18, 19]",4,14,245.0,False,6.995813482748695e-10,0.4755195900381499,0.849698785729974,0.807589097816412
synthetic_free_signal,51966,46,"[1, 2, 3, 5]","[0, 1, 5, 6, 7, 8, 9, 10, 11, 12, 13, 17, 18, 19]",4,14,255.0,False,2.263221538140631e-09,0.4734211581429864,0.8511813247152584,0.8093144592733348
synthetic_free_signal,51966,47,"[0, 1, 2, 3, 5]","[0, 1, 2, 3, 4, 5, 6, 7, 8, 9, 10, 11, 12, 13, 17, 18, 19]",5,17,265.0,False,5.013790524390475e-09,0.47490324695234737,0.8498870446487402,0.8071539532376607
synthetic_free_signal,51966,48,"[4, 5]","[0, 1, 14, 15, 16, 17, 18, 19]",2,8,230.0,True,5.097064741470618e-10,0.4734639297967822,0.8512519218097958,0.8114342035613857
synthetic_free_signal,51966,49,"[0, 4, 5]","[0, 1, 2, 3, 4, 14, 15, 16, 17, 18, 19]",3,11,240.0,False,4.2344642394441166e-09,0.4752331158620157,0.8504753537698849,0.8088085097145816
synthetic_free_signal,51966,50,"[1, 4, 5]","[0, 1, 5, 6, 7, 14, 15, 16, 17, 18, 19]",3,11,250.0,False,8.351914529495171e-10,0.4727441291332143,0.8521932164036271,0.8121914757639015
synthetic_free_signal,51966,51,"[0, 1, 4, 5]","[0, 1, 2, 3, 4, 5, 6, 7, 14, 15, 16, 17, 18, 19]",4,14,260.0,False,6.539487542519146e-09,0.4742866527041553,0.8511185717423363,0.8091219358623146
synthetic_free_signal,51966,52,"[2, 4, 5]","[0, 1, 8, 9, 10, 14, 15, 16, 17, 18, 19]",3,11,265.0,True,2.2383754684238514e-09,0.4726775286823067,0.8523187223494714,0.8122489905136651
synthetic_free_signal,51966,53,"[0, 2, 4, 5]","[0, 1, 2, 3, 4, 8, 9, 10, 14, 15, 16, 17, 18, 19]",4,14,275.0,True,3.8686530265294346e-10,0.4744733561960883,0.8509381569451853,0.8092160008437415
synthetic_free_signal,51966,54,"[1, 2, 4, 5]","[0, 1, 5, 6, 7, 8, 9, 10, 14, 15, 16, 17, 18, 19]",4,14,285.0,False,6.342333939865411e-09,0.47200670525287935,0.8528285902544632,0.8129769668158101
synthetic_free_signal,51966,55,"[0, 1, 2, 4, 5]","[0, 1, 2, 3, 4, 5, 6, 7, 8, 9, 10, 14, 15, 16, 17, 18, 19]",5,17,295.0,False,3.0401847395451927e-09,0.4735809553280237,0.8515578425527909,0.8097171335293782
synthetic_free_signal,51966,56,"[3, 4, 5]","[0, 1, 11, 12, 13, 14, 15, 16, 17, 18, 19]",3,11,290.0,False,5.12248910263637e-09,0.4734618901888454,0.8512048570801042,0.8113540254510132
synthetic_free_signal,51966,57,"[0, 3, 4, 5]","[0, 1, 2, 3, 4, 11, 12, 13, 14, 15, 16, 17, 18, 19]",4,14,300.0,False,3.476466481401561e-09,0.47516532575085585,0.8506087038373444,0.8098215086035956
synthetic_free_signal,51966,58,"[1, 3, 4, 5]","[0, 1, 5, 6, 7, 11, 12, 13, 14, 15, 16, 17, 18, 19]",4,14,310.0,False,4.719101935268025e-10,0.47282618110781066,0.8515499984311756,0.8118416778501215
synthetic_free_signal,51966,59,"[0, 1, 3, 4, 5]","[0, 1, 2, 3, 4, 5, 6, 7, 11, 12, 13, 14, 15, 16, 17, 18, 19]",5,17,320.0,False,6.81822031612456e-09,0.474306365968242,0.8508440274858022,0.8095573038171322
synthetic_free_signal,51966,60,"[2, 3, 4, 5]","[0, 1, 8, 9, 10, 11, 12, 13, 14, 15, 16, 17, 18, 19]",4,14,325.0,False,4.470727903135251e-09,0.4726546408718127,0.852036333971322,0.8130288954785247
synthetic_free_signal,51966,61,"[0, 2, 3, 4, 5]","[0, 1, 2, 3, 4, 8, 9, 10, 11, 12, 13, 14, 15, 16, 17, 18, 19]",5,17,335.0,True,2.814594061742348e-09,0.4743918596789031,0.8512519218097956,0.8106995051178286
synthetic_free_signal,51966,62,"[1, 2, 3, 4, 5]","[0, 1, 5, 6, 7, 8, 9, 10, 11, 12, 13, 14, 15, 16, 17, 18, 19]",5,17,345.0,False,1.0114213247552379e-08,0.4720711188451638,0.8525383577546988,0.813038384041001
synthetic_free_signal,51966,63,"[0, 1, 2, 3, 4, 5]","[0, 1, 2, 3, 4, 5, 6, 7, 8, 9, 10, 11, 12, 13, 14, 15, 16, 17, 18, 19]",6,20,355.0,True,1.0356614242871763e-08,0.4735894541593197,0.8516755043770198,0.8105837536106284
synthetic_cheap_signal,51967,0,[],"[0, 1]",0,2,0.0,True,1.0358005963106912e-09,0.6570225922753997,0.6358337736905617,0.5364917827446829
synthetic_cheap_signal,51967,1,[0],"[0, 1, 2, 3, 4]",1,5,10.0,True,3.8302549442288366e-09,0.46495165015089657,0.8564803495516243,0.8297096488871905
synthetic_cheap_signal,51967,2,[1],"[0, 1, 5, 6, 7]",1,5,20.0,False,9.007287197801785e-10,0.6023052187751297,0.722464528239386,0.6552688691672021
synthetic_cheap_signal,51967,3,"[0, 1]","[0, 1, 2, 3, 4, 5, 6, 7]",2,8,30.0,True,1.0091016925463684e-09,0.3834048305777613,0.907241050232272,0.8775559596901386
synthetic_cheap_signal,51967,4,[2],"[0, 1, 8, 9, 10]",1,5,35.0,False,9.709436327723841e-11,0.6606685090405535,0.6199651394815089,0.5115217017085688
synthetic_cheap_signal,51967,5,"[0, 2]","[0, 1, 2, 3, 4, 8, 9, 10]",2,8,45.0,False,1.260307944247767e-09,0.46896799437487896,0.8534517434202743,0.8246060808740141
synthetic_cheap_signal,51967,6,"[1, 2]","[0, 1, 5, 6, 7, 8, 9, 10]",2,8,55.0,False,3.710802605934778e-09,0.6061159552798198,0.7173222074121981,0.6464886549644433
synthetic_cheap_signal,51967,7,"[0, 1, 2]","[0, 1, 2, 3, 4, 5, 6, 7, 8, 9, 10]",3,11,65.0,True,1.1872463652928995e-09,0.3889155514128995,0.9036288064610264,0.8734299161646562
synthetic_cheap_signal,51967,8,[3],"[0, 1, 11, 12, 13]",1,5,60.0,False,4.1000045831064855e-09,0.6582113844340388,0.6315826833134844,0.5331916004109378
synthetic_cheap_signal,51967,9,"[0, 3]","[0, 1, 2, 3, 4, 11, 12, 13]",2,8,70.0,False,1.5780200180665865e-09,0.4661554465533812,0.855573345111246,0.8288468228193154
synthetic_cheap_signal,51967,10,"[1, 3]","[0, 1, 5, 6, 7, 11, 12, 13]",2,8,80.0,False,3.938831507868359e-10,0.6036597772047823,0.718923267424344,0.6549514068997222
synthetic_cheap_signal,51967,11,"[0, 1, 3]","[0, 1, 2, 3, 4, 5, 6, 7, 11, 12, 13]",3,11,90.0,False,2.7993857842017284e-09,0.3849538956567577,0.9061368709135507,0.8766672444216919
synthetic_cheap_signal,51967,12,"[2, 3]","[0, 1, 8, 9, 10, 11, 12, 13]",2,8,95.0,False,6.379129247038481e-09,0.661929004878731,0.616589505564275,0.5096422303418073
synthetic_cheap_signal,51967,13,"[0, 2, 3]","[0, 1, 2, 3, 4, 8, 9, 10, 11, 12, 13]",3,11,105.0,False,1.9808214797839547e-09,0.4702501684437616,0.851858570403262,0.8232940500645629
synthetic_cheap_signal,51967,14,"[1, 2, 3]","[0, 1, 5, 6, 7, 8, 9, 10, 11, 12, 13]",3,11,115.0,False,1.232674025515839e-09,0.6076918322327922,0.7147825949791391,0.6469492290193123
synthetic_cheap_signal,51967,15,"[0, 1, 2, 3]","[0, 1, 2, 3, 4, 5, 6, 7, 8, 9, 10, 11, 12, 13]",4,14,125.0,True,1.1582464987832633e-08,0.3906125230635709,0.9027770109865842,0.8727134080365594
synthetic_cheap_signal,51967,16,[4],"[0, 1, 14, 15, 16]",1,5,90.0,False,5.224256844260896e-10,0.6561638729216339,0.6363464283742537,0.5394168037662188
synthetic_cheap_signal,51967,17,"[0, 4]","[0, 1, 2, 3, 4, 14, 15, 16]",2,8,100.0,False,3.6073138405675557e-09,0.46449486734586815,0.8566380894542989,0.8317579081610813
synthetic_cheap_signal,51967,18,"[1, 4]","[0, 1, 5, 6, 7, 14, 15, 16]",2,8,110.0,False,1.2786527424317411e-09,0.6015408973516418,0.7232453407576247,0.6559369980821164
synthetic_cheap_signal,51967,19,"[0, 1, 4]","[0, 1, 2, 3, 4, 5, 6, 7, 14, 15, 16]",3,11,120.0,False,4.917359062596286e-09,0.3835254182096158,0.9070359883587952,0.877901744780808
synthetic_cheap_signal,51967,20,"[2, 4]","[0, 1, 8, 9, 10, 14, 15, 16]",2,8,125.0,False,1.5466047590075629e-09,0.6595976213227318,0.6240111679851094,0.5189311671641998
synthetic_cheap_signal,51967,21,"[0, 2, 4]","[0, 1, 2, 3, 4, 8, 9, 10, 14, 15, 16]",3,11,135.0,False,1.1146074639142517e-09,0.4682258590724361,0.853372873468937,0.8265106938507019
synthetic_cheap_signal,51967,22,"[1, 2, 4]","[0, 1, 5, 6, 7, 8, 9, 10, 14, 15, 16]",3,11,145.0,False,1.3823892961465018e-10,0.6050902395502789,0.719435922108036,0.6478465445217844
synthetic_cheap_signal,51967,23,"[0, 1, 2, 4]","[0, 1, 2, 3, 4, 5, 6, 7, 8, 9, 10, 14, 15, 16]",4,14,155.0,False,1.9227835118441493e-08,0.38870826308745615,0.9038811903053054,0.8742560837981815
synthetic_cheap_signal,51967,24,"[3, 4]","[0, 1, 11, 12, 13, 14, 15, 16]",2,8,150.0,False,8.137844141831041e-11,0.6575319687427822,0.6304469560142281,0.5348997980838927
synthetic_cheap_signal,51967,25,"[0, 3, 4]","[0, 1, 2, 3, 4, 11, 12, 13, 14, 15, 16]",3,11,160.0,False,1.351472190001178e-09,0.46584608244794506,0.855541797130711,0.8308647500418628
synthetic_cheap_signal,51967,26,"[1, 3, 4]","[0, 1, 5, 6, 7, 11, 12, 13, 14, 15, 16]",3,11,170.0,False,9.379910663002515e-10,0.6031550948468197,0.7199091418160595,0.6547604461172906
synthetic_cheap_signal,51967,27,"[0, 1, 3, 4]","[0, 1, 2, 3, 4, 5, 6, 7, 11, 12, 13, 14, 15, 16]",4,14,180.0,False,7.395435574328768e-09,0.3851135357593099,0.9056873121909284,0.8764476447471768
synthetic_cheap_signal,51967,28,"[2, 3, 4]","[0, 1, 8, 9, 10, 11, 12, 13, 14, 15, 16]",3,11,185.0,False,1.8198267039761266e-09,0.6610438140415544,0.6197285296274972,0.5162385799255378
synthetic_cheap_signal,51967,29,"[0, 2, 3, 4]","[0, 1, 2, 3, 4, 8, 9, 10, 11, 12, 13, 14, 15, 16]",4,14,195.0,False,4.935662080786327e-09,0.46965443142565244,0.8519689883351342,0.8255193747096047
synthetic_cheap_signal,51967,30,"[1, 2, 3, 4]","[0, 1, 5, 6, 7, 8, 9, 10, 11, 12, 13, 14, 15, 16]",4,14,205.0,False,1.932924713435877e-09,0.6069563142436725,0.7163678810010174,0.6470573868762298
synthetic_cheap_signal,51967,31,"[0, 1, 2, 3, 4]","[0, 1, 2, 3, 4, 5, 6, 7, 8, 9, 10, 11, 12, 13, 14, 15, 16]",5,17,215.0,True,1.1828843631542848e-08,0.39047057741372754,0.9024851921666364,0.8724569597946051
synthetic_cheap_signal,51967,32,[5],"[0, 1, 17, 18, 19]",1,5,140.0,False,4.2304272761948316e-10,0.660819334282321,0.6217239393963294,0.5292365746258664
synthetic_cheap_signal,51967,33,"[0, 5]","[0, 1, 2, 3, 4, 17, 18, 19]",2,8,150.0,False,4.402847941632304e-09,0.4659558338976628,0.8550528034324203,0.8286322716252027
synthetic_cheap_signal,51967,34,"[1, 5]","[0, 1, 5, 6, 7, 17, 18, 19]",2,8,160.0,False,2.2381241047718124e-09,0.6045969072212236,0.7184815956968554,0.6522886510929385
synthetic_cheap_signal,51967,35,"[0, 1, 5]","[0, 1, 2, 3, 4, 5, 6, 7, 17, 18, 19]",3,11,170.0,False,1.7694189316459817e-09,0.38400475862805084,0.9067757175193822,0.8777156507335915
synthetic_cheap_signal,51967,36,"[2, 5]","[0, 1, 8, 9, 10, 17, 18, 19]",2,8,175.0,False,1.7471810453173914e-09,0.6641826226078791,0.6101379435448888,0.5060079054824009
synthetic_cheap_signal,51967,37,"[0, 2, 5]","[0, 1, 2, 3, 4, 8, 9, 10, 17, 18, 19]",3,11,185.0,False,2.9658238616269226e-09,0.47000246455532735,0.8514799946368433,0.8235037616496452
synthetic_cheap_signal,51967,38,"[1, 2, 5]","[0, 1, 5, 6, 7, 8, 9, 10, 17, 18, 19]",3,11,195.0,False,3.1085692200791475e-09,0.6080724774104548,0.7145459851251272,0.6449122333406103
synthetic_cheap_signal,51967,39,"[0, 1, 2, 5]","[0, 1, 2, 3, 4, 5, 6, 7, 8, 9, 10, 17, 18, 19]",4,14,205.0,False,2.855026847047899e-09,0.3894558928514704,0.9032029087238053,0.87358948734829
synthetic_cheap_signal,51967,40,"[3, 5]","[0, 1, 11, 12, 13, 17, 18, 19]",2,8,200.0,False,1.6007699666867782e-09,0.662262425505539,0.6163528957102633,0.5220930588803351
synthetic_cheap_signal,51967,41,"[0, 3, 5]","[0, 1, 2, 3, 4, 11, 12, 13, 17, 18, 19]",3,11,210.0,False,1.798302563044516e-10,0.467381015597032,0.8538618671672278,0.8280019943130763
synthetic_cheap_signal,51967,42,"[1, 3, 5]","[0, 1, 5, 6, 7, 11, 12, 13, 17, 18, 19]",3,11,220.0,False,2.1700519135949654e-09,0.606114735870077,0.7149087869012786,0.6508144820914101
synthetic_cheap_signal,51967,43,"[0, 1, 3, 5]","[0, 1, 2, 3, 4, 5, 6, 7, 11, 12, 13, 17, 18, 19]",4,14,230.0,False,2.8371804814916225e-09,0.3855918701816639,0.9054901373125852,0.876605846089012
synthetic_cheap_signal,51967,44,"[2, 3, 5]","[0, 1, 8, 9, 10, 11, 12, 13, 17, 18, 19]",3,11,235.0,False,3.566508282726373e-09,0.665690229063725,0.6042226971945959,0.5037754743273274
synthetic_cheap_signal,51967,45,"[0, 2, 3, 5]","[0, 1, 2, 3, 4, 8, 9, 10, 11, 12, 13, 17, 18, 19]",4,14,245.0,False,4.2133165610584455e-09,0.4715150207036757,0.8501865274349126,0.8230110546297162
synthetic_cheap_signal,51967,46,"[1, 2, 3, 5]","[0, 1, 5, 6, 7, 8, 9, 10, 11, 12, 13, 17, 18, 19]",4,14,255.0,False,4.83423442688706e-09,0.6098026151547867,0.7118722937747948,0.6447019738329943
synthetic_cheap_signal,51967,47,"[0, 1, 2, 3, 5]","[0, 1, 2, 3, 4, 5, 6, 7, 8, 9, 10, 11, 12, 13, 17, 18, 19]",5,17,265.0,False,2.4169228887276637e-09,0.39118773346483166,0.9021618253661537,0.8727158571646829
synthetic_cheap_signal,51967,48,"[4, 5]","[0, 1, 14, 15, 16, 17, 18, 19]",2,8,230.0,False,1.1116294533019847e-09,0.6599761894387043,0.6221971591043529,0.5319142000542072
synthetic_cheap_signal,51967,49,"[0, 4, 5]","[0, 1, 2, 3, 4, 14, 15, 16, 17, 18, 19]",3,11,240.0,False,3.026089822748402e-09,0.46540152706530274,0.8552657523010307,0.8315673134044801
synthetic_cheap_signal,51967,50,"[1, 4, 5]","[0, 1, 5, 6, 7, 14, 15, 16, 17, 18, 19]",3,11,250.0,False,2.1894465436399305e-09,0.6038467017849245,0.7200432207333328,0.6541105969750824
synthetic_cheap_signal,51967,51,"[0, 1, 4, 5]","[0, 1, 2, 3, 4, 5, 6, 7, 14, 15, 16, 17, 18, 19]",4,14,260.0,False,1.102773269822852e-09,0.38403383264155994,0.9063182718016263,0.8777802713813604
synthetic_cheap_signal,51967,52,"[2, 4, 5]","[0, 1, 8, 9, 10, 14, 15, 16, 17, 18, 19]",3,11,265.0,False,6.212283650359332e-09,0.663115713529645,0.6143259379608963,0.5130015633133798
synthetic_cheap_signal,51967,53,"[0, 2, 4, 5]","[0, 1, 2, 3, 4, 8, 9, 10, 14, 15, 16, 17, 18, 19]",4,14,275.0,False,3.4018395382524245e-09,0.4691661217823737,0.8519768753302679,0.8260918895610398
synthetic_cheap_signal,51967,54,"[1, 2, 4, 5]","[0, 1, 5, 6, 7, 8, 9, 10, 14, 15, 16, 17, 18, 19]",4,14,285.0,False,4.324337512863823e-09,0.6070640761438767,0.7162416890788779,0.6459910065741622
synthetic_cheap_signal,51967,55,"[0, 1, 2, 4, 5]","[0, 1, 2, 3, 4, 5, 6, 7, 8, 9, 10, 14, 15, 16, 17, 18, 19]",5,17,295.0,False,1.943014683911664e-09,0.38915059730880347,0.903494727543753,0.8745687634257907
synthetic_cheap_signal,51967,56,"[3, 4, 5]","[0, 1, 11, 12, 13, 14, 15, 16, 17, 18, 19]",3,11,290.0,False,2.5627516594052675e-09,0.66160767310977,0.6162582517686587,0.5245563348709223
synthetic_cheap_signal,51967,57,"[0, 3, 4, 5]","[0, 1, 2, 3, 4, 11, 12, 13, 14, 15, 16, 17, 18, 19]",4,14,300.0,False,9.164169766080519e-09,0.46698623275867185,0.8539959460845012,0.8303625206887599
synthetic_cheap_signal,51967,58,"[1, 3, 4, 5]","[0, 1, 5, 6, 7, 11, 12, 13, 14, 15, 16, 17, 18, 19]",4,14,310.0,False,4.3295686755390645e-09,0.6056114917219686,0.7163599940058838,0.6530715320992124
synthetic_cheap_signal,51967,59,"[0, 1, 3, 4, 5]","[0, 1, 2, 3, 4, 5, 6, 7, 11, 12, 13, 14, 15, 16, 17, 18, 19]",5,17,320.0,False,1.8378093979961799e-09,0.38565043503804125,0.9052298664731724,0.8767084505217968
synthetic_cheap_signal,51967,60,"[2, 3, 4, 5]","[0, 1, 8, 9, 10, 11, 12, 13, 14, 15, 16, 17, 18, 19]",4,14,325.0,False,6.380707733663575e-09,0.6648169933804546,0.6087971543721558,0.5093819354874223
synthetic_cheap_signal,51967,61,"[0, 2, 3, 4, 5]","[0, 1, 2, 3, 4, 8, 9, 10, 11, 12, 13, 14, 15, 16, 17, 18, 19]",5,17,335.0,False,1.8692859217211394e-09,0.4708351637026681,0.8502575103911162,0.8250142310747575
synthetic_cheap_signal,51967,62,"[1, 2, 3, 4, 5]","[0, 1, 5, 6, 7, 8, 9, 10, 11, 12, 13, 14, 15, 16, 17, 18, 19]",5,17,345.0,False,6.226394029568933e-09,0.6090718579335467,0.7133708228502023,0.6463167535704308
synthetic_cheap_signal,51967,63,"[0, 1, 2, 3, 4, 5]","[0, 1, 2, 3, 4, 5, 6, 7, 8, 9, 10, 11, 12, 13, 14, 15, 16, 17, 18, 19]",6,20,355.0,True,1.5280145496914378e-09,0.39093910282750655,0.9020829554148166,0.8730330436559643
synthetic_expensive_signal,51967,0,[],"[0, 1]",0,2,0.0,True,5.527565874155174e-10,0.6750257328186956,0.5917207348589543,0.5401880509721797
synthetic_expensive_signal,51967,1,[0],"[0, 1, 2, 3, 4]",1,5,10.0,False,2.350549140983814e-10,0.6772439428627518,0.5833665159784196,0.5404319661603287
synthetic_expensive_signal,51967,2,[1],"[0, 1, 5, 6, 7]",1,5,20.0,False,2.0226927319252845e-09,0.677252486062062,0.5832884391664519,0.5430811336469104
synthetic_expensive_signal,51967,3,"[0, 1]","[0, 1, 2, 3, 4, 5, 6, 7]",2,8,30.0,False,1.9287769894947023e-09,0.6796814608175658,0.5763864489885149,0.5443174151296728
synthetic_expensive_signal,51967,4,[2],"[0, 1, 8, 9, 10]",1,5,35.0,False,8.040195814766051e-10,0.6302017708398926,0.6852177171901717,0.6228455412035045
synthetic_expensive_signal,51967,5,"[0, 2]","[0, 1, 2, 3, 4, 8, 9, 10]",2,8,45.0,False,9.176915481844282e-09,0.6323406811267156,0.6825865286268631,0.621872164821484
synthetic_expensive_signal,51967,6,"[1, 2]","[0, 1, 5, 6, 7, 8, 9, 10]",2,8,55.0,False,2.4006994766104735e-09,0.6324264843594933,0.6811889536926429,0.6219330081559689
synthetic_expensive_signal,51967,7,"[0, 1, 2]","[0, 1, 2, 3, 4, 5, 6, 7, 8, 9, 10]",3,11,65.0,False,1.2296763862306859e-09,0.6347876251610003,0.67820641947548,0.6196975297208783
synthetic_expensive_signal,51967,8,[3],"[0, 1, 11, 12, 13]",1,5,60.0,False,3.1536973911463575e-09,0.6748239591848724,0.5949140764684298,0.5408155563804407
synthetic_expensive_signal,51967,9,"[0, 3]","[0, 1, 2, 3, 4, 11, 12, 13]",2,8,70.0,False,7.796873904989631e-09,0.6769803784397821,0.5875123946938998,0.5407823902557223
synthetic_expensive_signal,51967,10,"[1, 3]","[0, 1, 5, 6, 7, 11, 12, 13]",2,8,80.0,False,1.4555234206310824e-09,0.6771243082656776,0.5868643571545686,0.5431897548739331
synthetic_expensive_signal,51967,11,"[0, 1, 3]","[0, 1, 2, 3, 4, 5, 6, 7, 11, 12, 13]",3,11,90.0,False,5.481258669020269e-09,0.6794804951104594,0.5816722491587223,0.5454161202852454
synthetic_expensive_signal,51967,12,"[2, 3]","[0, 1, 8, 9, 10, 11, 12, 13]",2,8,95.0,False,2.178008735347005e-10,0.6292626930016861,0.6852489479149587,0.6272116140648373
synthetic_expensive_signal,51967,13,"[0, 2, 3]","[0, 1, 2, 3, 4, 8, 9, 10, 11, 12, 13]",3,11,105.0,False,1.1783756140784906e-08,0.6313490386486224,0.6830862202234558,0.6237389607445186
synthetic_expensive_signal,51967,14,"[1, 2, 3]","[0, 1, 5, 6, 7, 8, 9, 10, 11, 12, 13]",3,11,115.0,False,2.9087226085716664e-09,0.6314904350861171,0.6818369912319739,0.6255200492096855
synthetic_expensive_signal,51967,15,"[0, 1, 2, 3]","[0, 1, 2, 3, 4, 5, 6, 7, 8, 9, 10, 11, 12, 13]",4,14,125.0,False,6.236776325695642e-10,0.6337790181790014,0.6787763802028435,0.6218763815888856
synthetic_expensive_signal,51967,16,[4],"[0, 1, 14, 15, 16]",1,5,90.0,True,9.606335088290993e-10,0.5307489175742661,0.8031215109424652,0.7706024931182907
synthetic_expensive_signal,51967,17,"[0, 4]","[0, 1, 2, 3, 4, 14, 15, 16]",2,8,100.0,False,3.64543202664756e-10,0.5335364308979373,0.8007635912210432,0.7701015411064305
synthetic_expensive_signal,51967,18,"[1, 4]","[0, 1, 5, 6, 7, 14, 15, 16]",2,8,110.0,False,7.576342335078277e-10,0.5313799181338652,0.8024812810843307,0.770074063792443
synthetic_expensive_signal,51967,19,"[0, 1, 4]","[0, 1, 2, 3, 4, 5, 6, 7, 14, 15, 16]",3,11,120.0,False,4.562729925579724e-09,0.5342894740770155,0.8004122455671892,0.7698191543857907
synthetic_expensive_signal,51967,20,"[2, 4]","[0, 1, 8, 9, 10, 14, 15, 16]",2,8,125.0,True,1.8551963520962999e-09,0.45386066297158595,0.8632094254327407,0.8450290012060666
synthetic_expensive_signal,51967,21,"[0, 2, 4]","[0, 1, 2, 3, 4, 8, 9, 10, 14, 15, 16]",3,11,135.0,True,1.128386587875732e-09,0.4555246996071349,0.8605391984634483,0.8452769370905391
synthetic_expensive_signal,51967,22,"[1, 2, 4]","[0, 1, 5, 6, 7, 8, 9, 10, 14, 15, 16]",3,11,145.0,False,2.025370757826467e-09,0.45487373942098086,0.8623349651387036,0.844075943494148
synthetic_expensive_signal,51967,23,"[0, 1, 2, 4]","[0, 1, 2, 3, 4, 5, 6, 7, 8, 9, 10, 14, 15, 16]",4,14,155.0,False,8.31832893121191e-10,0.45670182369849754,0.8597584303437722,0.8443139850444772
synthetic_expensive_signal,51967,24,"[3, 4]","[0, 1, 11, 12, 13, 14, 15, 16]",2,8,150.0,False,4.8437792865915125e-09,0.5312532724995597,0.8028638574629721,0.7696445811696664
synthetic_expensive_signal,51967,25,"[0, 3, 4]","[0, 1, 2, 3, 4, 11, 12, 13, 14, 15, 16]",3,11,160.0,False,1.0911564360351737e-09,0.5339566906071929,0.8004200532483858,0.7694860713182216
synthetic_expensive_signal,51967,26,"[1, 3, 4]","[0, 1, 5, 6, 7, 11, 12, 13, 14, 15, 16]",3,11,170.0,False,4.073167481900276e-09,0.5319236225890625,0.8022080122424442,0.7692650680340887
synthetic_expensive_signal,51967,27,"[0, 1, 3, 4]","[0, 1, 2, 3, 4, 5, 6, 7, 11, 12, 13, 14, 15, 16]",4,14,180.0,False,7.216279278487482e-09,0.534754307144339,0.7998188617962352,0.768928323752739
synthetic_expensive_signal,51967,28,"[2, 3, 4]","[0, 1, 8, 9, 10, 11, 12, 13, 14, 15, 16]",3,11,185.0,False,6.260010003788607e-10,0.4535898714023127,0.8634748865934306,0.8446961098564088
synthetic_expensive_signal,51967,29,"[0, 2, 3, 4]","[0, 1, 2, 3, 4, 8, 9, 10, 11, 12, 13, 14, 15, 16]",4,14,195.0,True,1.6260166489759408e-09,0.45516043820674307,0.8608827364361058,0.8450471601643277
synthetic_expensive_signal,51967,30,"[1, 2, 3, 4]","[0, 1, 5, 6, 7, 8, 9, 10, 11, 12, 13, 14, 15, 16]",4,14,205.0,False,1.5287725209156078e-09,0.45459478827832384,0.8625067341250323,0.8439896092013489
synthetic_expensive_signal,51967,31,"[0, 1, 2, 3, 4]","[0, 1, 2, 3, 4, 5, 6, 7, 8, 9, 10, 11, 12, 13, 14, 15, 16]",5,17,215.0,True,3.2479851326276005e-09,0.45633160363339315,0.859930199330101,0.8440692953112618
synthetic_expensive_signal,51967,32,[5],"[0, 1, 17, 18, 19]",1,5,140.0,False,1.1276682754803884e-09,0.6768144225531961,0.5855370513511192,0.5306772622590811
synthetic_expensive_signal,51967,33,"[0, 5]","[0, 1, 2, 3, 4, 17, 18, 19]",2,8,150.0,False,1.1162023095469065e-09,0.678963410035904,0.5782993308817215,0.5287036051415557
synthetic_expensive_signal,51967,34,"[1, 5]","[0, 1, 5, 6, 7, 17, 18, 19]",2,8,160.0,False,1.6583810846059187e-09,0.6789709945809779,0.5773389860945197,0.5343579366594071
synthetic_expensive_signal,51967,35,"[0, 1, 5]","[0, 1, 2, 3, 4, 5, 6, 7, 17, 18, 19]",3,11,170.0,False,1.1694215004431793e-09,0.6813306599967669,0.5724748007089374,0.5339989997574655
synthetic_expensive_signal,51967,36,"[2, 5]","[0, 1, 8, 9, 10, 17, 18, 19]",2,8,175.0,False,4.808500240574575e-10,0.6312204342642453,0.6835702964576551,0.6237581573905152
synthetic_expensive_signal,51967,37,"[0, 2, 5]","[0, 1, 2, 3, 4, 8, 9, 10, 17, 18, 19]",3,11,185.0,False,1.1387064282830325e-09,0.6333154996490546,0.6806580313712629,0.6212286303284444
synthetic_expensive_signal,51967,38,"[1, 2, 5]","[0, 1, 5, 6, 7, 8, 9, 10, 17, 18, 19]",3,11,195.0,False,3.3426290150404714e-09,0.6334214027010776,0.6796430328156842,0.6221203390935883
synthetic_expensive_signal,51967,39,"[0, 1, 2, 5]","[0, 1, 2, 3, 4, 5, 6, 7, 8, 9, 10, 17, 18, 19]",4,14,205.0,False,1.2974819793259008e-09,0.6357498855558806,0.6765199603369796,0.6182406611646938
synthetic_expensive_signal,51967,40,"[3, 5]","[0, 1, 11, 12, 13, 17, 18, 19]",2,8,200.0,False,9.39644567467994e-09,0.6766577256248092,0.5891910461512035,0.5316401051009796
synthetic_expensive_signal,51967,41,"[0, 3, 5]","[0, 1, 2, 3, 4, 11, 12, 13, 17, 18, 19]",3,11,210.0,False,3.3538033542118854e-09,0.6787542725580723,0.5813677495920486,0.5287651403019923
synthetic_expensive_signal,51967,42,"[1, 3, 5]","[0, 1, 5, 6, 7, 11, 12, 13, 17, 18, 19]",3,11,220.0,False,6.157555530824029e-09,0.6788873201160597,0.5803839817612567,0.5328296059389869
synthetic_expensive_signal,51967,43,"[0, 1, 3, 5]","[0, 1, 2, 3, 4, 5, 6, 7, 11, 12, 13, 17, 18, 19]",4,14,230.0,False,8.723719712712771e-09,0.6811835517044192,0.5748639511551464,0.5345065801203536
synthetic_expensive_signal,51967,44,"[2, 3, 5]","[0, 1, 8, 9, 10, 11, 12, 13, 17, 18, 19]",3,11,235.0,False,1.4073824351000627e-09,0.6303315350358419,0.6841558725474122,0.6270002512417164
synthetic_expensive_signal,51967,45,"[0, 2, 3, 5]","[0, 1, 2, 3, 4, 8, 9, 10, 11, 12, 13, 17, 18, 19]",4,14,245.0,False,8.154262603671573e-09,0.6323778938564132,0.6810562231122979,0.623096735970786
synthetic_expensive_signal,51967,46,"[1, 2, 3, 5]","[0, 1, 5, 6, 7, 8, 9, 10, 11, 12, 13, 17, 18, 19]",4,14,255.0,False,1.7482901671856326e-09,0.6325371178940861,0.6802754549926218,0.6251729880373178
synthetic_expensive_signal,51967,47,"[0, 1, 2, 3, 5]","[0, 1, 2, 3, 4, 5, 6, 7, 8, 9, 10, 11, 12, 13, 17, 18, 19]",5,17,265.0,False,2.348201518951044e-09,0.6347970318019371,0.6773163438190493,0.6211866949748321
synthetic_expensive_signal,51967,48,"[4, 5]","[0, 1, 14, 15, 16, 17, 18, 19]",2,8,230.0,False,8.189577703291426e-10,0.5322988119207824,0.8020440509373121,0.7681084829740465
synthetic_expensive_signal,51967,49,"[0, 4, 5]","[0, 1, 2, 3, 4, 14, 15, 16, 17, 18, 19]",3,11,240.0,False,7.388515647918452e-09,0.5350703358913582,0.7996783235346935,0.7676326281882382
synthetic_expensive_signal,51967,50,"[1, 4, 5]","[0, 1, 5, 6, 7, 14, 15, 16, 17, 18, 19]",3,11,250.0,False,9.097276861824168e-09,0.5329027787888955,0.801388205716784,0.7676234061185552
synthetic_expensive_signal,51967,51,"[0, 1, 4, 5]","[0, 1, 2, 3, 4, 5, 6, 7, 14, 15, 16, 17, 18, 19]",4,14,260.0,False,9.350961028569316e-09,0.5357988866037761,0.7992332857064781,0.7676296745387411
synthetic_expensive_signal,51967,52,"[2, 4, 5]","[0, 1, 8, 9, 10, 14, 15, 16, 17, 18, 19]",3,11,265.0,False,1.6359750138945556e-10,0.4538921511381593,0.8630610794900023,0.8454730270927819
synthetic_expensive_signal,51967,53,"[0, 2, 4, 5]","[0, 1, 2, 3, 4, 8, 9, 10, 14, 15, 16, 17, 18, 19]",4,14,275.0,False,1.4493872069091878e-09,0.4556055533896193,0.8604689293326775,0.8455681843965002
synthetic_expensive_signal,51967,54,"[1, 2, 4, 5]","[0, 1, 5, 6, 7, 8, 9, 10, 14, 15, 16, 17, 18, 19]",4,14,285.0,False,3.564022564553804e-09,0.4549028574362222,0.8622490806455391,0.8446626229291088
synthetic_expensive_signal,51967,55,"[0, 1, 2, 4, 5]","[0, 1, 2, 3, 4, 5, 6, 7, 8, 9, 10, 14, 15, 16, 17, 18, 19]",5,17,295.0,False,5.408622940169432e-09,0.4567919891411885,0.859407084689918,0.8445820654900686
synthetic_expensive_signal,51967,56,"[3, 4, 5]","[0, 1, 11, 12, 13, 14, 15, 16, 17, 18, 19]",3,11,290.0,False,1.2935654048611505e-09,0.5328730062018445,0.8015287439783259,0.766513355404321
synthetic_expensive_signal,51967,57,"[0, 3, 4, 5]","[0, 1, 2, 3, 4, 11, 12, 13, 14, 15, 16, 17, 18, 19]",4,14,300.0,False,1.788591032015161e-09,0.5355614164787961,0.7990615167201492,0.7660485976254705
synthetic_expensive_signal,51967,58,"[1, 3, 4, 5]","[0, 1, 5, 6, 7, 11, 12, 13, 14, 15, 16, 17, 18, 19]",4,14,310.0,False,5.409408650594588e-09,0.5335138055378342,0.8009509755697655,0.7664819671404783
synthetic_expensive_signal,51967,59,"[0, 1, 3, 4, 5]","[0, 1, 2, 3, 4, 5, 6, 7, 11, 12, 13, 14, 15, 16, 17, 18, 19]",5,17,320.0,False,6.902399425782508e-09,0.5363320499083862,0.7983978638184246,0.7659882981913332
synthetic_expensive_signal,51967,60,"[2, 3, 4, 5]","[0, 1, 8, 9, 10, 11, 12, 13, 14, 15, 16, 17, 18, 19]",4,14,325.0,False,2.2373503180252115e-09,0.4536975089668239,0.863365579056676,0.8451032191078399
synthetic_expensive_signal,51967,61,"[0, 2, 3, 4, 5]","[0, 1, 2, 3, 4, 8, 9, 10, 11, 12, 13, 14, 15, 16, 17, 18, 19]",5,17,335.0,False,2.668873725065336e-09,0.4553172621510005,0.8607890442617447,0.8454847398987364
synthetic_expensive_signal,51967,62,"[1, 2, 3, 4, 5]","[0, 1, 5, 6, 7, 8, 9, 10, 11, 12, 13, 14, 15, 16, 17, 18, 19]",5,17,345.0,False,1.8195937110976638e-09,0.4547008158376149,0.8624676957190485,0.8445005411342088
synthetic_expensive_signal,51967,63,"[0, 1, 2, 3, 4, 5]","[0, 1, 2, 3, 4, 5, 6, 7, 8, 9, 10, 11, 12, 13, 14, 15, 16, 17, 18, 19]",6,20,355.0,True,3.1944305497944153e-09,0.45649933916224494,0.8597271996189851,0.8446035522122929
synthetic_free_signal,51967,0,[],"[0, 1]",0,2,0.0,True,7.696383448247885e-11,0.46130719479063936,0.8576744040002827,0.8191341463578888
synthetic_free_signal,51967,1,[0],"[0, 1, 2, 3, 4]",1,5,10.0,False,5.972121571145433e-11,0.4643212694235967,0.8551860021508583,0.8177132770425951
synthetic_free_signal,51967,2,[1],"[0, 1, 5, 6, 7]",1,5,20.0,True,2.795828896142123e-10,0.46001325421490485,0.8586242356210407,0.8204662195164444
synthetic_free_signal,51967,3,"[0, 1]","[0, 1, 2, 3, 4, 5, 6, 7]",2,8,30.0,False,5.961780419750229e-09,0.4629834802712968,0.8561358337716166,0.818094965305555
synthetic_free_signal,51967,4,[2],"[0, 1, 8, 9, 10]",1,5,35.0,False,1.9897784795156435e-10,0.4623101708070457,0.857164163873429,0.8190202323131023
synthetic_free_signal,51967,5,"[0, 2]","[0, 1, 2, 3, 4, 8, 9, 10]",2,8,45.0,False,8.543465680795111e-10,0.4654411286865807,0.8546051133910559,0.8174528559624742
synthetic_free_signal,51967,6,"[1, 2]","[0, 1, 5, 6, 7, 8, 9, 10]",2,8,55.0,False,1.9784516849820062e-09,0.461006716999035,0.857878500051024,0.8197761772184569
synthetic_free_signal,51967,7,"[0, 1, 2]","[0, 1, 2, 3, 4, 5, 6, 7, 8, 9, 10]",3,11,65.0,True,1.5270334310419626e-09,0.4641048341823427,0.8553351492648618,0.8179523491547027
synthetic_free_signal,51967,8,[3],"[0, 1, 11, 12, 13]",1,5,60.0,False,2.0775873254203815e-10,0.46260944282983285,0.8564105784553069,0.8194010644569013
synthetic_free_signal,51967,9,"[0, 3]","[0, 1, 2, 3, 4, 11, 12, 13]",2,8,70.0,False,1.1469585468337182e-08,0.46550838142286166,0.8541655218971512,0.816918757235513
synthetic_free_signal,51967,10,"[1, 3]","[0, 1, 5, 6, 7, 11, 12, 13]",2,8,80.0,False,3.922805103110706e-10,0.4611967354346728,0.8577215030889154,0.8204203509340134
synthetic_free_signal,51967,11,"[0, 1, 3]","[0, 1, 2, 3, 4, 5, 6, 7, 11, 12, 13]",3,11,90.0,False,6.897876092366098e-10,0.46407535757720975,0.85530374987244,0.8176762613286725
synthetic_free_signal,51967,12,"[2, 3]","[0, 1, 8, 9, 10, 11, 12, 13]",2,8,95.0,False,6.121146874597179e-10,0.4636015556466727,0.8555863444042359,0.8178593476090196
synthetic_free_signal,51967,13,"[0, 2, 3]","[0, 1, 2, 3, 4, 8, 9, 10, 11, 12, 13]",3,11,105.0,False,1.3763072949752274e-09,0.4666161773130778,0.8532156902763931,0.8166657756732186
synthetic_free_signal,51967,14,"[1, 2, 3]","[0, 1, 5, 6, 7, 8, 9, 10, 11, 12, 13]",3,11,115.0,False,5.163136884994921e-09,0.4621793884084808,0.856912968734055,0.8195386083140579
synthetic_free_signal,51967,15,"[0, 1, 2, 3]","[0, 1, 2, 3, 4, 5, 6, 7, 8, 9, 10, 11, 12, 13]",4,14,125.0,False,4.120547304490754e-09,0.4651866283475253,0.8544559662770523,0.8172901777786366
synthetic_free_signal,51967,16,[4],"[0, 1, 14, 15, 16]",1,5,90.0,False,4.634178802091944e-09,0.4614519639489552,0.8574703079495412,0.8192767301595401
synthetic_free_signal,51967,17,"[0, 4]","[0, 1, 2, 3, 4, 14, 15, 16]",2,8,100.0,False,6.522754588551545e-09,0.46447343550726716,0.8553115997205454,0.8179033436983888
synthetic_free_signal,51967,18,"[1, 4]","[0, 1, 5, 6, 7, 14, 15, 16]",2,8,110.0,False,1.5266014876093561e-09,0.46011680299219143,0.8587262836464113,0.8204424454373043
synthetic_free_signal,51967,19,"[0, 1, 4]","[0, 1, 2, 3, 4, 5, 6, 7, 14, 15, 16]",3,11,120.0,False,2.0468647072732535e-09,0.46309974509479035,0.8562928307337253,0.8181704476413133
synthetic_free_signal,51967,20,"[2, 4]","[0, 1, 8, 9, 10, 14, 15, 16]",2,8,125.0,False,7.4007465935076015e-09,0.4624757346025294,0.8566146745060484,0.8186871618459879
synthetic_free_signal,51967,21,"[0, 2, 4]","[0, 1, 2, 3, 4, 8, 9, 10, 14, 15, 16]",3,11,135.0,False,4.006566942413612e-10,0.46562403116413975,0.8543068191630493,0.8175683005847929
synthetic_free_signal,51967,22,"[1, 2, 4]","[0, 1, 5, 6, 7, 8, 9, 10, 14, 15, 16]",3,11,145.0,False,5.101820906834741e-10,0.4611345775083346,0.8576351547597553,0.8202621383352402
synthetic_free_signal,51967,23,"[0, 1, 2, 4]","[0, 1, 2, 3, 4, 5, 6, 7, 8, 9, 10, 14, 15, 16]",4,14,155.0,True,3.0252164179766713e-10,0.46425464919481724,0.85530374987244,0.8178043193286263
synthetic_free_signal,51967,24,"[3, 4]","[0, 1, 11, 12, 13, 14, 15, 16]",2,8,150.0,False,2.219236814327798e-09,0.462846952283558,0.8559238878727696,0.8181337138354713
synthetic_free_signal,51967,25,"[0, 3, 4]","[0, 1, 2, 3, 4, 11, 12, 13, 14, 15, 16]",3,11,160.0,False,1.4259328057631137e-09,0.4657437583508059,0.8537573297956684,0.816935674490401
synthetic_free_signal,51967,26,"[1, 3, 4]","[0, 1, 5, 6, 7, 11, 12, 13, 14, 15, 16]",3,11,170.0,False,1.9396799199501786e-09,0.46137986090139865,0.8574075091646977,0.8199468077092065
synthetic_free_signal,51967,27,"[0, 1, 3, 4]","[0, 1, 2, 3, 4, 5, 6, 7, 11, 12, 13, 14, 15, 16]",4,14,180.0,False,7.91704646637397e-09,0.4642625993406486,0.8551310532141203,0.8180996432900663
synthetic_free_signal,51967,28,"[2, 3, 4]","[0, 1, 8, 9, 10, 11, 12, 13, 14, 15, 16]",3,11,185.0,False,1.363329982543779e-09,0.4638530094278901,0.8556255936447629,0.8185104804655872
synthetic_free_signal,51967,29,"[0, 2, 3, 4]","[0, 1, 2, 3, 4, 8, 9, 10, 11, 12, 13, 14, 15, 16]",4,14,195.0,False,3.155453296658367e-09,0.46687579994322054,0.852799648326805,0.8167675114408147
synthetic_free_signal,51967,30,"[1, 2, 3, 4]","[0, 1, 5, 6, 7, 8, 9, 10, 11, 12, 13, 14, 15, 16]",4,14,205.0,False,3.7032339505300386e-09,0.4623790630386354,0.8566696234427863,0.8193868588208048
synthetic_free_signal,51967,31,"[0, 1, 2, 3, 4]","[0, 1, 2, 3, 4, 5, 6, 7, 8, 9, 10, 11, 12, 13, 14, 15, 16]",5,17,215.0,False,5.39791637090095e-09,0.46539994044774363,0.8540870234160969,0.8170697372631557
synthetic_free_signal,51967,32,[5],"[0, 1, 17, 18, 19]",1,5,140.0,False,3.863671052203605e-10,0.461931402460982,0.8576744040002826,0.8190841699608481
synthetic_free_signal,51967,33,"[0, 5]","[0, 1, 2, 3, 4, 17, 18, 19]",2,8,150.0,False,2.6368759796039736e-09,0.4650269753187804,0.8549269571633789,0.8165377887013416
synthetic_free_signal,51967,34,"[1, 5]","[0, 1, 5, 6, 7, 17, 18, 19]",2,8,160.0,False,2.0538193248978536e-09,0.46058363703292515,0.8587105839502007,0.8202948009237281
synthetic_free_signal,51967,35,"[0, 1, 5]","[0, 1, 2, 3, 4, 5, 6, 7, 17, 18, 19]",3,11,170.0,False,2.1359729888508177e-09,0.46364338536850863,0.8560573352905622,0.8176236185750799
synthetic_free_signal,51967,36,"[2, 5]","[0, 1, 8, 9, 10, 17, 18, 19]",2,8,175.0,False,7.435747491489064e-09,0.4629977455577353,0.8565283261768885,0.8180729544573935
synthetic_free_signal,51967,37,"[0, 2, 5]","[0, 1, 2, 3, 4, 8, 9, 10, 17, 18, 19]",3,11,185.0,False,2.5536867497957984e-09,0.466207095499367,0.8538044288843011,0.8161205208173071
synthetic_free_signal,51967,38,"[1, 2, 5]","[0, 1, 5, 6, 7, 8, 9, 10, 17, 18, 19]",3,11,195.0,False,4.1590814290857223e-10,0.46163791372990975,0.8577058033927043,0.8190505773015718
synthetic_free_signal,51967,39,"[0, 1, 2, 5]","[0, 1, 2, 3, 4, 5, 6, 7, 8, 9, 10, 17, 18, 19]",4,14,205.0,False,6.062400070633095e-10,0.4648230520091419,0.8550525547330661,0.8167407312207702
synthetic_free_signal,51967,40,"[3, 5]","[0, 1, 11, 12, 13, 17, 18, 19]",2,8,200.0,False,4.084834132339084e-10,0.46318624931625707,0.8566617735946809,0.8187841773513471
synthetic_free_signal,51967,41,"[0, 3, 5]","[0, 1, 2, 3, 4, 11, 12, 13, 17, 18, 19]",3,11,210.0,False,9.697067644976032e-09,0.4661693554788406,0.8538672276691446,0.8165793584749651
synthetic_free_signal,51967,42,"[1, 3, 5]","[0, 1, 5, 6, 7, 11, 12, 13, 17, 18, 19]",3,11,220.0,False,1.0498682052748055e-08,0.4617279262920012,0.8576508544559662,0.819192214693742
synthetic_free_signal,51967,43,"[0, 1, 3, 5]","[0, 1, 2, 3, 4, 5, 6, 7, 11, 12, 13, 17, 18, 19]",4,14,230.0,False,2.516897576606845e-09,0.46470016318997276,0.8550133054925386,0.8167969070132165
synthetic_free_signal,51967,44,"[2, 3, 5]","[0, 1, 8, 9, 10, 11, 12, 13, 17, 18, 19]",3,11,235.0,False,8.91390126344033e-10,0.4642385801865161,0.8551467529103313,0.8169762661826006
synthetic_free_signal,51967,45,"[0, 2, 3, 5]","[0, 1, 2, 3, 4, 8, 9, 10, 11, 12, 13, 17, 18, 19]",4,14,245.0,False,2.4379966403179947e-09,0.4673353709658527,0.8529016963521756,0.8160901918339651
synthetic_free_signal,51967,46,"[1, 2, 3, 5]","[0, 1, 5, 6, 7, 8, 9, 10, 11, 12, 13, 17, 18, 19]",4,14,255.0,False,6.222468463609737e-09,0.46277093247835255,0.857038566303742,0.819104403577558
synthetic_free_signal,51967,47,"[0, 1, 2, 3, 5]","[0, 1, 2, 3, 4, 5, 6, 7, 8, 9, 10, 11, 12, 13, 17, 18, 19]",5,17,265.0,False,1.6684077871205925e-09,0.46587087459308946,0.8538358282767228,0.8158599226319575
synthetic_free_signal,51967,48,"[4, 5]","[0, 1, 14, 15, 16, 17, 18, 19]",2,8,230.0,False,4.873376303508562e-09,0.46198564377190854,0.8576901036964936,0.8188489270026756
synthetic_free_signal,51967,49,"[0, 4, 5]","[0, 1, 2, 3, 4, 14, 15, 16, 17, 18, 19]",3,11,240.0,False,1.7092322046405661e-09,0.4651036371909868,0.8548249091380081,0.8164601471240374
synthetic_free_signal,51967,50,"[1, 4, 5]","[0, 1, 5, 6, 7, 14, 15, 16, 17, 18, 19]",3,11,250.0,False,2.015758027763866e-09,0.46060162528386694,0.8588754307604147,0.8196589245170631
synthetic_free_signal,51967,51,"[0, 1, 4, 5]","[0, 1, 2, 3, 4, 5, 6, 7, 14, 15, 16, 17, 18, 19]",4,14,260.0,False,1.970270833633823e-09,0.4636887114294162,0.855931737720875,0.8173701327408158
synthetic_free_signal,51967,52,"[2, 4, 5]","[0, 1, 8, 9, 10, 14, 15, 16, 17, 18, 19]",3,11,265.0,False,3.563907093932458e-09,0.4630721501497152,0.8564733772401504,0.8176264204263773
synthetic_free_signal,51967,53,"[0, 2, 4, 5]","[0, 1, 2, 3, 4, 8, 9, 10, 14, 15, 16, 17, 18, 19]",4,14,275.0,False,5.318640193185809e-09,0.466312741232004,0.8537573297956684,0.8156683710488801
synthetic_free_signal,51967,54,"[1, 2, 4, 5]","[0, 1, 5, 6, 7, 8, 9, 10, 14, 15, 16, 17, 18, 19]",4,14,285.0,False,4.372293278098795e-09,0.46167949537253905,0.8574232088609086,0.8183062741682735
synthetic_free_signal,51967,55,"[0, 1, 2, 4, 5]","[0, 1, 2, 3, 4, 5, 6, 7, 8, 9, 10, 14, 15, 16, 17, 18, 19]",5,17,295.0,True,6.500973363859832e-10,0.4648998688314657,0.8552645006319128,0.817284394111371
synthetic_free_signal,51967,56,"[3, 4, 5]","[0, 1, 11, 12, 13, 14, 15, 16, 17, 18, 19]",3,11,290.0,False,2.2822452354724417e-09,0.46332431113844813,0.8562300319488818,0.8181043849681673
synthetic_free_signal,51967,57,"[0, 3, 4, 5]","[0, 1, 2, 3, 4, 11, 12, 13, 14, 15, 16, 17, 18, 19]",4,14,300.0,False,2.4290421023786174e-09,0.46631976036530526,0.853765179643774,0.8161383232672145
synthetic_free_signal,51967,58,"[1, 3, 4, 5]","[0, 1, 5, 6, 7, 11, 12, 13, 14, 15, 16, 17, 18, 19]",4,14,310.0,False,1.945548013722977e-09,0.46181637594064884,0.8574075091646975,0.8185789429738163
synthetic_free_signal,51967,59,"[0, 1, 3, 4, 5]","[0, 1, 2, 3, 4, 5, 6, 7, 11, 12, 13, 14, 15, 16, 17, 18, 19]",5,17,320.0,False,1.0114633022896307e-08,0.46480661921540634,0.854895557770957,0.8169869097174765
synthetic_free_signal,51967,60,"[2, 3, 4, 5]","[0, 1, 8, 9, 10, 11, 12, 13, 14, 15, 16, 17, 18, 19]",4,14,325.0,False,2.3551258728888666e-09,0.4643892016329494,0.8554450471383378,0.8174899556134938
synthetic_free_signal,51967,61,"[0, 2, 3, 4, 5]","[0, 1, 2, 3, 4, 8, 9, 10, 11, 12, 13, 14, 15, 16, 17, 18, 19]",5,17,335.0,False,5.3090685000417115e-09,0.467507676674917,0.8526191018203797,0.8157279879586257
synthetic_free_signal,51967,62,"[1, 2, 3, 4, 5]","[0, 1, 5, 6, 7, 8, 9, 10, 11, 12, 13, 14, 15, 16, 17, 18, 19]",5,17,345.0,False,4.0710764620181395e-09,0.46287435663906584,0.8571641638734291,0.8192707242834159
synthetic_free_signal,51967,63,"[0, 1, 2, 3, 4, 5]","[0, 1, 2, 3, 4, 5, 6, 7, 8, 9, 10, 11, 12, 13, 14, 15, 16, 17, 18, 19]",6,20,355.0,True,9.129127740689588e-09,0.46600064388036905,0.853945726150199,0.8159841926907366
synthetic_cheap_signal,51968,0,[],"[0, 1]",0,2,0.0,True,4.384903420136906e-11,0.679577563877003,0.563957475994513,0.5160498933801865
synthetic_cheap_signal,51968,1,[0],"[0, 1, 2, 3, 4]",1,5,10.0,True,1.6578002420314277e-08,0.5296465211579936,0.8088134430727023,0.7600197845182788
synthetic_cheap_signal,51968,2,[1],"[0, 1, 5, 6, 7]",1,5,20.0,False,6.086777457384694e-10,0.6034267390374214,0.7317932410525003,0.6573202496809275
synthetic_cheap_signal,51968,3,"[0, 1]","[0, 1, 2, 3, 4, 5, 6, 7]",2,8,30.0,True,7.748284526804699e-10,0.4144923810298569,0.8902372490335454,0.8691243266004202
synthetic_cheap_signal,51968,4,[2],"[0, 1, 8, 9, 10]",1,5,35.0,False,3.3589171692737514e-10,0.6807400227311639,0.560777528370121,0.5124322755041448
synthetic_cheap_signal,51968,5,"[0, 2]","[0, 1, 2, 3, 4, 8, 9, 10]",2,8,45.0,False,1.7889125087082305e-09,0.5301503702909044,0.8084549195660308,0.7591205349155938
synthetic_cheap_signal,51968,6,"[1, 2]","[0, 1, 5, 6, 7, 8, 9, 10]",2,8,55.0,False,2.0521238658983205e-09,0.6037106187061645,0.7316529492455418,0.6565435505401684
synthetic_cheap_signal,51968,7,"[0, 1, 2]","[0, 1, 2, 3, 4, 5, 6, 7, 8, 9, 10]",3,11,65.0,False,2.356007130426395e-09,0.41448650891511085,0.8901125452051379,0.869048473999835
synthetic_cheap_signal,51968,8,[3],"[0, 1, 11, 12, 13]",1,5,60.0,False,6.930651146854975e-10,0.6780790100250699,0.5716969073450555,0.5226794941176878
synthetic_cheap_signal,51968,9,"[0, 3]","[0, 1, 2, 3, 4, 11, 12, 13]",2,8,70.0,False,1.162835909411053e-09,0.528081719794934,0.8093356403541588,0.7629044850427926
synthetic_cheap_signal,51968,10,"[1, 3]","[0, 1, 5, 6, 7, 11, 12, 13]",2,8,80.0,False,3.151250902197786e-09,0.6012368489430986,0.7354720039905225,0.6604325586623635
synthetic_cheap_signal,51968,11,"[0, 1, 3]","[0, 1, 2, 3, 4, 5, 6, 7, 11, 12, 13]",3,11,90.0,True,3.860110930232346e-09,0.41196683209400187,0.8914297293926924,0.8708045925295841
synthetic_cheap_signal,51968,12,"[2, 3]","[0, 1, 8, 9, 10, 11, 12, 13]",2,8,95.0,False,3.0976753953985313e-10,0.6792228200659706,0.5678778526000747,0.5182487052928378
synthetic_cheap_signal,51968,13,"[0, 2, 3]","[0, 1, 2, 3, 4, 8, 9, 10, 11, 12, 13]",3,11,105.0,False,7.562279341914807e-09,0.5285562623903988,0.8094213742361889,0.7621837212609581
synthetic_cheap_signal,51968,14,"[1, 2, 3]","[0, 1, 5, 6, 7, 8, 9, 10, 11, 12, 13]",3,11,115.0,False,2.1314024862046774e-09,0.6015317926026649,0.7351914203766056,0.6600815100731576
synthetic_cheap_signal,51968,15,"[0, 1, 2, 3]","[0, 1, 2, 3, 4, 5, 6, 7, 8, 9, 10, 11, 12, 13]",4,14,125.0,False,1.2584737038665044e-09,0.41199542775364584,0.891258261628632,0.8706302289768041
synthetic_cheap_signal,51968,16,[4],"[0, 1, 14, 15, 16]",1,5,90.0,False,6.267071060925312e-09,0.6803016733333537,0.5637548322733508,0.5097825722823287
synthetic_cheap_signal,51968,17,"[0, 4]","[0, 1, 2, 3, 4, 14, 15, 16]",2,8,100.0,False,1.3999286104691946e-09,0.5297722098936264,0.808657563287193,0.760199243360461
synthetic_cheap_signal,51968,18,"[1, 4]","[0, 1, 5, 6, 7, 14, 15, 16]",2,8,110.0,False,5.952974886698544e-10,0.6042687767778996,0.7309826661678513,0.6570820795468378
synthetic_cheap_signal,51968,19,"[0, 1, 4]","[0, 1, 2, 3, 4, 5, 6, 7, 14, 15, 16]",3,11,120.0,False,3.5868100910925337e-09,0.414415612550442,0.8899878413767301,0.8693533726141225
synthetic_cheap_signal,51968,20,"[2, 4]","[0, 1, 8, 9, 10, 14, 15, 16]",2,8,125.0,False,5.013011627388232e-09,0.6815283143191968,0.5604267988527248,0.5065960034099268
synthetic_cheap_signal,51968,21,"[0, 2, 4]","[0, 1, 2, 3, 4, 8, 9, 10, 14, 15, 16]",3,11,135.0,False,6.956019778925479e-09,0.5303167153328938,0.808096396059359,0.7595164266808323
synthetic_cheap_signal,51968,22,"[1, 2, 4]","[0, 1, 5, 6, 7, 8, 9, 10, 14, 15, 16]",3,11,145.0,False,4.81098921914213e-09,0.6045992107051309,0.7302734131437835,0.6558202608816357
synthetic_cheap_signal,51968,23,"[0, 1, 2, 4]","[0, 1, 2, 3, 4, 5, 6, 7, 8, 9, 10, 14, 15, 16]",4,14,155.0,False,6.688488660592562e-09,0.4144624004819572,0.8897150517520889,0.8689785760858127
synthetic_cheap_signal,51968,24,"[3, 4]","[0, 1, 11, 12, 13, 14, 15, 16]",2,8,150.0,False,5.905764634530055e-10,0.6788527059251325,0.5714552936775158,0.5161086409338624
synthetic_cheap_signal,51968,25,"[0, 3, 4]","[0, 1, 2, 3, 4, 11, 12, 13, 14, 15, 16]",3,11,160.0,False,1.97274706823832e-09,0.5282637411996093,0.8083691856840005,0.7618802670088066
synthetic_cheap_signal,51968,26,"[1, 3, 4]","[0, 1, 5, 6, 7, 11, 12, 13, 14, 15, 16]",3,11,170.0,False,7.796261693839681e-10,0.602227743165134,0.7343964334705075,0.6596043904348929
synthetic_cheap_signal,51968,27,"[0, 1, 3, 4]","[0, 1, 2, 3, 4, 5, 6, 7, 11, 12, 13, 14, 15, 16]",4,14,180.0,False,4.652642157307657e-09,0.4121269222648953,0.8909465020576132,0.8706187876210201
synthetic_cheap_signal,51968,28,"[2, 3, 4]","[0, 1, 8, 9, 10, 11, 12, 13, 14, 15, 16]",3,11,185.0,False,1.6857033028708584e-09,0.6800654758364293,0.5670516897368749,0.5113617638751198
synthetic_cheap_signal,51968,29,"[0, 2, 3, 4]","[0, 1, 2, 3, 4, 8, 9, 10, 11, 12, 13, 14, 15, 16]",4,14,195.0,False,5.061513049066716e-09,0.5287865281246079,0.8085406534480609,0.7617932521214075
synthetic_cheap_signal,51968,30,"[1, 2, 3, 4]","[0, 1, 5, 6, 7, 8, 9, 10, 11, 12, 13, 14, 15, 16]",4,14,205.0,False,3.8524589063517175e-09,0.6025726978879951,0.7338508542212245,0.6587505162630811
synthetic_cheap_signal,51968,31,"[0, 1, 2, 3, 4]","[0, 1, 2, 3, 4, 5, 6, 7, 8, 9, 10, 11, 12, 13, 14, 15, 16]",5,17,215.0,False,8.803647012337479e-09,0.41221034325634426,0.8907906222721037,0.870280470044944
synthetic_cheap_signal,51968,32,[5],"[0, 1, 17, 18, 19]",1,5,140.0,False,5.881218860617312e-10,0.6796899942423011,0.5615179573512907,0.519869391431204
synthetic_cheap_signal,51968,33,"[0, 5]","[0, 1, 2, 3, 4, 17, 18, 19]",2,8,150.0,False,1.1871494436156726e-09,0.5295152345367274,0.8093746103005363,0.7600177019091099
synthetic_cheap_signal,51968,34,"[1, 5]","[0, 1, 5, 6, 7, 17, 18, 19]",2,8,160.0,False,9.014497592829684e-10,0.6043921691966939,0.7290887267739119,0.6594616598808134
synthetic_cheap_signal,51968,35,"[0, 1, 5]","[0, 1, 2, 3, 4, 5, 6, 7, 17, 18, 19]",3,11,170.0,False,6.87058061353931e-09,0.4150071643541699,0.8897150517520888,0.8683859877567961
synthetic_cheap_signal,51968,36,"[2, 5]","[0, 1, 8, 9, 10, 17, 18, 19]",2,8,175.0,False,3.6718984674952534e-09,0.6807922398630385,0.5572936151639856,0.5143588410433066
synthetic_cheap_signal,51968,37,"[0, 2, 5]","[0, 1, 2, 3, 4, 8, 9, 10, 17, 18, 19]",3,11,185.0,False,2.2885368640014384e-09,0.530052050058652,0.8091252026437211,0.7593049228396054
synthetic_cheap_signal,51968,38,"[1, 2, 5]","[0, 1, 5, 6, 7, 8, 9, 10, 17, 18, 19]",3,11,195.0,False,5.44288576916649e-10,0.6046311199500362,0.7286366753959346,0.6589715577499289
synthetic_cheap_signal,51968,39,"[0, 1, 2, 5]","[0, 1, 2, 3, 4, 5, 6, 7, 8, 9, 10, 17, 18, 19]",4,14,205.0,False,8.867397806260732e-09,0.41499339352950687,0.8897851976555682,0.8685059190463772
synthetic_cheap_signal,51968,40,"[3, 5]","[0, 1, 11, 12, 13, 17, 18, 19]",2,8,200.0,False,5.863305038843871e-09,0.6782390332328014,0.5670984536725276,0.5255027815817925
synthetic_cheap_signal,51968,41,"[0, 3, 5]","[0, 1, 2, 3, 4, 11, 12, 13, 17, 18, 19]",3,11,210.0,False,2.1150635761980332e-09,0.5279524925453534,0.8096396059359023,0.7621378931454746
synthetic_cheap_signal,51968,42,"[1, 3, 5]","[0, 1, 5, 6, 7, 11, 12, 13, 17, 18, 19]",3,11,220.0,False,1.5333476683037603e-09,0.602231390124121,0.732931163486719,0.6622679639293202
synthetic_cheap_signal,51968,43,"[0, 1, 3, 5]","[0, 1, 2, 3, 4, 5, 6, 7, 11, 12, 13, 17, 18, 19]",4,14,230.0,True,5.222453008537663e-10,0.41245490524103146,0.891258261628632,0.8702565416613088
synthetic_cheap_signal,51968,44,"[2, 3, 5]","[0, 1, 8, 9, 10, 11, 12, 13, 17, 18, 19]",3,11,235.0,False,1.4595944288599952e-10,0.6793215606381793,0.5632326349918944,0.5203859117597331
synthetic_cheap_signal,51968,45,"[0, 2, 3, 5]","[0, 1, 2, 3, 4, 8, 9, 10, 11, 12, 13, 17, 18, 19]",4,14,245.0,False,1.291754604775003e-09,0.5284606816409504,0.8098578376356155,0.761940568873805
synthetic_cheap_signal,51968,46,"[1, 2, 3, 5]","[0, 1, 5, 6, 7, 8, 9, 10, 11, 12, 13, 17, 18, 19]",4,14,255.0,False,1.1643061568696495e-09,0.6024789295285894,0.732416760194538,0.6616553138549368
synthetic_cheap_signal,51968,47,"[0, 1, 2, 3, 5]","[0, 1, 2, 3, 4, 5, 6, 7, 8, 9, 10, 11, 12, 13, 17, 18, 19]",5,17,265.0,False,2.0035712692239975e-09,0.4124696176795317,0.8913050255642848,0.8700577980446058
synthetic_cheap_signal,51968,48,"[4, 5]","[0, 1, 14, 15, 16, 17, 18, 19]",2,8,230.0,False,2.023996232972128e-09,0.6803533407663898,0.561455605437087,0.5105947886522972
synthetic_cheap_signal,51968,49,"[0, 4, 5]","[0, 1, 2, 3, 4, 14, 15, 16, 17, 18, 19]",3,11,240.0,False,2.3131285479000227e-09,0.5296193075210626,0.8090004988153137,0.7601731387514006
synthetic_cheap_signal,51968,50,"[1, 4, 5]","[0, 1, 5, 6, 7, 14, 15, 16, 17, 18, 19]",3,11,250.0,False,2.0191520445897604e-08,0.6051564612407827,0.7287847611921686,0.6600440830960327
synthetic_cheap_signal,51968,51,"[0, 1, 4, 5]","[0, 1, 2, 3, 4, 5, 6, 7, 14, 15, 16, 17, 18, 19]",4,14,260.0,False,1.532473770373354e-09,0.414930653773688,0.8892785883526623,0.8685294797505921
synthetic_cheap_signal,51968,52,"[2, 4, 5]","[0, 1, 8, 9, 10, 14, 15, 16, 17, 18, 19]",3,11,265.0,False,1.0954542584146148e-09,0.6815214144465679,0.5581743359521137,0.508314569723479
synthetic_cheap_signal,51968,53,"[0, 2, 4, 5]","[0, 1, 2, 3, 4, 8, 9, 10, 14, 15, 16, 17, 18, 19]",4,14,275.0,False,1.0681115656112523e-09,0.5301987623053973,0.8088290310512534,0.7597990232521608
synthetic_cheap_signal,51968,54,"[1, 2, 4, 5]","[0, 1, 5, 6, 7, 8, 9, 10, 14, 15, 16, 17, 18, 19]",4,14,285.0,False,1.9062244536397802e-09,0.6054472473685754,0.7282080059857838,0.6580974942956805
synthetic_cheap_signal,51968,55,"[0, 1, 2, 4, 5]","[0, 1, 2, 3, 4, 5, 6, 7, 8, 9, 10, 14, 15, 16, 17, 18, 19]",5,17,295.0,False,1.494638696254556e-09,0.4149766947823684,0.889255206384836,0.8683446662528278
synthetic_cheap_signal,51968,56,"[3, 4, 5]","[0, 1, 11, 12, 13, 14, 15, 16, 17, 18, 19]",3,11,290.0,False,1.7344046887232424e-08,0.6789467567973234,0.5668568400049881,0.5166169557495491
synthetic_cheap_signal,51968,57,"[0, 3, 4, 5]","[0, 1, 2, 3, 4, 11, 12, 13, 14, 15, 16, 17, 18, 19]",4,14,300.0,False,4.025089460762355e-09,0.5281156941198566,0.8092577004614041,0.7623062592536191
synthetic_cheap_signal,51968,58,"[1, 3, 4, 5]","[0, 1, 5, 6, 7, 11, 12, 13, 14, 15, 16, 17, 18, 19]",4,14,310.0,False,1.1454265747238304e-09,0.6031328001837107,0.7315516273849607,0.6613814843785195
synthetic_cheap_signal,51968,59,"[0, 1, 3, 4, 5]","[0, 1, 2, 3, 4, 5, 6, 7, 11, 12, 13, 14, 15, 16, 17, 18, 19]",5,17,320.0,True,1.6666540752985554e-09,0.4126206200268169,0.8912037037037037,0.8708695777249139
synthetic_cheap_signal,51968,60,"[2, 3, 4, 5]","[0, 1, 8, 9, 10, 11, 12, 13, 14, 15, 16, 17, 18, 19]",4,14,325.0,False,8.489790451343224e-10,0.680100602102034,0.5624064721286943,0.5123541791196932
synthetic_cheap_signal,51968,61,"[0, 2, 3, 4, 5]","[0, 1, 2, 3, 4, 8, 9, 10, 11, 12, 13, 14, 15, 16, 17, 18, 19]",5,17,335.0,False,1.5949132110761478e-09,0.5286740096899091,0.808922558922559,0.761546939130308
synthetic_cheap_signal,51968,62,"[1, 2, 3, 4, 5]","[0, 1, 5, 6, 7, 8, 9, 10, 11, 12, 13, 14, 15, 16, 17, 18, 19]",5,17,345.0,False,3.6361165022748585e-09,0.6034369150080565,0.7309982541464023,0.6603108178659791
synthetic_cheap_signal,51968,63,"[0, 1, 2, 3, 4, 5]","[0, 1, 2, 3, 4, 5, 6, 7, 8, 9, 10, 11, 12, 13, 14, 15, 16, 17, 18, 19]",6,20,355.0,True,2.8908750008407256e-09,0.41269915697792925,0.8908685621648587,0.870340956754633
synthetic_expensive_signal,51968,0,[],"[0, 1]",0,2,0.0,True,3.135931185509148e-11,0.6826856602595825,0.5845828557266335,0.5279204295521813
synthetic_expensive_signal,51968,1,[0],"[0, 1, 2, 3, 4]",1,5,10.0,False,1.7025051367548489e-09,0.6823824539771693,0.5868753678862418,0.5297908468166685
synthetic_expensive_signal,51968,2,[1],"[0, 1, 5, 6, 7]",1,5,20.0,False,1.4752902595419575e-10,0.6822589982476025,0.5851327488459989,0.5253206064593436
synthetic_expensive_signal,51968,3,"[0, 1]","[0, 1, 2, 3, 4, 5, 6, 7]",2,8,30.0,False,1.0488063827395704e-08,0.6819139441591697,0.5861008705350228,0.5256146454987367
synthetic_expensive_signal,51968,4,[2],"[0, 1, 8, 9, 10]",1,5,35.0,False,5.176968970426864e-10,0.6205667232314919,0.7106245546640231,0.6785218524096042
synthetic_expensive_signal,51968,5,"[0, 2]","[0, 1, 2, 3, 4, 8, 9, 10]",2,8,45.0,False,2.1426053894065453e-09,0.6200988311147587,0.7110427832336813,0.678735236700605
synthetic_expensive_signal,51968,6,"[1, 2]","[0, 1, 5, 6, 7, 8, 9, 10]",2,8,55.0,False,9.791099572276953e-10,0.6209575131251804,0.7104541652467549,0.6810792455892574
synthetic_expensive_signal,51968,7,"[0, 1, 2]","[0, 1, 2, 3, 4, 5, 6, 7, 8, 9, 10]",3,11,65.0,False,6.250111712976668e-09,0.6204170243290156,0.7110272932866569,0.6820853485405882
synthetic_expensive_signal,51968,8,[3],"[0, 1, 11, 12, 13]",1,5,60.0,False,1.1032854236965027e-09,0.6845149982762283,0.5810046779640013,0.5305472158163158
synthetic_expensive_signal,51968,9,"[0, 3]","[0, 1, 2, 3, 4, 11, 12, 13]",2,8,70.0,False,1.1192168992770008e-09,0.6841062102853541,0.5830958208122928,0.5308778050801545
synthetic_expensive_signal,51968,10,"[1, 3]","[0, 1, 5, 6, 7, 11, 12, 13]",2,8,80.0,False,1.0535135466379962e-08,0.6841403363626724,0.5795331329966852,0.5258620945887227
synthetic_expensive_signal,51968,11,"[0, 1, 3]","[0, 1, 2, 3, 4, 5, 6, 7, 11, 12, 13]",3,11,90.0,False,1.1015244078825106e-08,0.6836973853888086,0.5812137922488305,0.5259004599116237
synthetic_expensive_signal,51968,12,"[2, 3]","[0, 1, 8, 9, 10, 11, 12, 13]",2,8,95.0,False,4.321091870326707e-09,0.6224706133548368,0.7087270361535364,0.6768342770693692
synthetic_expensive_signal,51968,13,"[0, 2, 3]","[0, 1, 2, 3, 4, 8, 9, 10, 11, 12, 13]",3,11,105.0,False,5.357091522585737e-09,0.6219023513698655,0.7092691842993897,0.677959554079024
synthetic_expensive_signal,51968,14,"[1, 2, 3]","[0, 1, 5, 6, 7, 8, 9, 10, 11, 12, 13]",3,11,115.0,False,1.1103160738717142e-08,0.622816878351798,0.7076040149942687,0.678748651508288
synthetic_expensive_signal,51968,15,"[0, 1, 2, 3]","[0, 1, 2, 3, 4, 5, 6, 7, 8, 9, 10, 11, 12, 13]",4,14,125.0,False,2.473255893964128e-09,0.6221940855499375,0.7081926329811952,0.6782693623473413
synthetic_expensive_signal,51968,16,[4],"[0, 1, 14, 15, 16]",1,5,90.0,True,1.8444533798238957e-09,0.545488998256189,0.79674091514607,0.7698789462274133
synthetic_expensive_signal,51968,17,"[0, 4]","[0, 1, 2, 3, 4, 14, 15, 16]",2,8,100.0,False,5.870133128553861e-10,0.5459827836833665,0.7963071966293875,0.7698327939031485
synthetic_expensive_signal,51968,18,"[1, 4]","[0, 1, 5, 6, 7, 14, 15, 16]",2,8,110.0,False,2.6087459456022353e-10,0.5443601400631847,0.7982666749279719,0.7720477138588683
synthetic_expensive_signal,51968,19,"[0, 1, 4]","[0, 1, 2, 3, 4, 5, 6, 7, 14, 15, 16]",3,11,120.0,False,9.104271940250673e-10,0.5447059864387532,0.7979413860404598,0.7717741459443448
synthetic_expensive_signal,51968,20,"[2, 4]","[0, 1, 8, 9, 10, 14, 15, 16]",2,8,125.0,True,1.2966121710518289e-09,0.45792377014365476,0.8648347222652498,0.8521167150064118
synthetic_expensive_signal,51968,21,"[0, 2, 4]","[0, 1, 2, 3, 4, 8, 9, 10, 14, 15, 16]",3,11,135.0,False,3.078435787356762e-10,0.45828936092166306,0.8647572725301278,0.8518260936208146
synthetic_expensive_signal,51968,22,"[1, 2, 4]","[0, 1, 5, 6, 7, 8, 9, 10, 14, 15, 16]",3,11,145.0,False,1.962088471239848e-09,0.45788277359880253,0.8651832460732984,0.852542907930332
synthetic_expensive_signal,51968,23,"[0, 1, 2, 4]","[0, 1, 2, 3, 4, 5, 6, 7, 8, 9, 10, 14, 15, 16]",4,14,155.0,False,4.5623373329271367e-10,0.45811504151931204,0.865245205861396,0.8523483660296912
synthetic_expensive_signal,51968,24,"[3, 4]","[0, 1, 11, 12, 13, 14, 15, 16]",2,8,150.0,False,3.1067166132681904e-09,0.5468448168695259,0.7953003500728028,0.7708698258206383
synthetic_expensive_signal,51968,25,"[0, 3, 4]","[0, 1, 2, 3, 4, 11, 12, 13, 14, 15, 16]",3,11,160.0,False,5.440519944758637e-09,0.547261102864119,0.794742711979925,0.7700862118991346
synthetic_expensive_signal,51968,26,"[1, 3, 4]","[0, 1, 5, 6, 7, 11, 12, 13, 14, 15, 16]",3,11,170.0,False,2.3031485796483082e-10,0.5458891181187135,0.796407881285046,0.7723904391100437
synthetic_expensive_signal,51968,27,"[0, 1, 3, 4]","[0, 1, 2, 3, 4, 5, 6, 7, 11, 12, 13, 14, 15, 16]",4,14,180.0,False,4.655584518854649e-09,0.546145352706891,0.7959586728213388,0.7715651168100112
synthetic_expensive_signal,51968,28,"[2, 3, 4]","[0, 1, 8, 9, 10, 11, 12, 13, 14, 15, 16]",3,11,185.0,False,8.466653004707866e-10,0.460146028226905,0.8634096471390068,0.8512544939805313
synthetic_expensive_signal,51968,29,"[0, 2, 3, 4]","[0, 1, 2, 3, 4, 8, 9, 10, 11, 12, 13, 14, 15, 16]",4,14,195.0,False,5.729143135413622e-10,0.46052575848620364,0.8634173921125189,0.8511945782828362
synthetic_expensive_signal,51968,30,"[1, 2, 3, 4]","[0, 1, 5, 6, 7, 8, 9, 10, 11, 12, 13, 14, 15, 16]",4,14,205.0,False,5.275982485234776e-10,0.46013163635021626,0.8636187614238359,0.8520206866515561
synthetic_expensive_signal,51968,31,"[0, 1, 2, 3, 4]","[0, 1, 2, 3, 4, 5, 6, 7, 8, 9, 10, 11, 12, 13, 14, 15, 16]",5,17,215.0,False,1.9150162901530215e-09,0.4603614767101119,0.8635877815297871,0.8513811741248036
synthetic_expensive_signal,51968,32,[5],"[0, 1, 17, 18, 19]",1,5,140.0,False,1.1233670584630982e-09,0.6839717747232217,0.5805632144738064,0.5282683455562132
synthetic_expensive_signal,51968,33,"[0, 5]","[0, 1, 2, 3, 4, 17, 18, 19]",2,8,150.0,False,4.0329467263635316e-09,0.6836734867768837,0.5824684779578053,0.5276003908979914
synthetic_expensive_signal,51968,34,"[1, 5]","[0, 1, 5, 6, 7, 17, 18, 19]",2,8,160.0,False,9.281818409454845e-09,0.6836653284557243,0.5807336038910748,0.5241569193644962
synthetic_expensive_signal,51968,35,"[0, 1, 5]","[0, 1, 2, 3, 4, 5, 6, 7, 17, 18, 19]",3,11,170.0,False,3.808623701121265e-09,0.6833232264675594,0.5823600483286347,0.5245326501290897
synthetic_expensive_signal,51968,36,"[2, 5]","[0, 1, 8, 9, 10, 17, 18, 19]",2,8,175.0,False,1.6098919859759749e-09,0.6204474208429023,0.7108956287369498,0.6809932840645911
synthetic_expensive_signal,51968,37,"[0, 2, 5]","[0, 1, 2, 3, 4, 8, 9, 10, 17, 18, 19]",3,11,185.0,False,1.1172438011778733e-09,0.6198847967812743,0.711352582174169,0.6812057682785406
synthetic_expensive_signal,51968,38,"[1, 2, 5]","[0, 1, 5, 6, 7, 8, 9, 10, 17, 18, 19]",3,11,195.0,False,2.467024118024935e-09,0.6208736647313987,0.7108878837634375,0.6831982660433347
synthetic_expensive_signal,51968,39,"[0, 1, 2, 5]","[0, 1, 2, 3, 4, 5, 6, 7, 8, 9, 10, 17, 18, 19]",4,14,205.0,False,2.6287621172121282e-09,0.6202317568483309,0.7116933610087053,0.6839961756286645
synthetic_expensive_signal,51968,40,"[3, 5]","[0, 1, 11, 12, 13, 17, 18, 19]",2,8,200.0,False,4.493403257390885e-10,0.6858483896695163,0.5772638557576133,0.5301704819891511
synthetic_expensive_signal,51968,41,"[0, 3, 5]","[0, 1, 2, 3, 4, 11, 12, 13, 17, 18, 19]",3,11,210.0,False,1.6410906630265705e-09,0.68543763130237,0.57972675733449,0.5287216396181346
synthetic_expensive_signal,51968,42,"[1, 3, 5]","[0, 1, 5, 6, 7, 11, 12, 13, 17, 18, 19]",3,11,220.0,False,1.9839609903030516e-09,0.6855881874613633,0.5762415192540041,0.5243671718449421
synthetic_expensive_signal,51968,43,"[0, 1, 3, 5]","[0, 1, 2, 3, 4, 5, 6, 7, 11, 12, 13, 17, 18, 19]",4,14,230.0,False,7.466359853861701e-10,0.6851400841139242,0.5782629573406859,0.523558233996616
synthetic_expensive_signal,51968,44,"[2, 3, 5]","[0, 1, 8, 9, 10, 11, 12, 13, 17, 18, 19]",3,11,235.0,False,1.4334600013073272e-09,0.6224310604090082,0.7091142848291458,0.6805348432400264
synthetic_expensive_signal,51968,45,"[0, 2, 3, 5]","[0, 1, 2, 3, 4, 8, 9, 10, 11, 12, 13, 17, 18, 19]",4,14,245.0,False,7.1479727670260895e-09,0.621763100119081,0.7091839895907555,0.6795618727307531
synthetic_expensive_signal,51968,46,"[1, 2, 3, 5]","[0, 1, 5, 6, 7, 8, 9, 10, 11, 12, 13, 17, 18, 19]",4,14,255.0,False,2.6666683562220287e-09,0.6228070371269526,0.7087657610210973,0.6820558288865117
synthetic_expensive_signal,51968,47,"[0, 1, 2, 3, 5]","[0, 1, 2, 3, 4, 5, 6, 7, 8, 9, 10, 11, 12, 13, 17, 18, 19]",5,17,265.0,False,4.162174390754196e-09,0.6220774066195688,0.7088277208091949,0.681235633247794
synthetic_expensive_signal,51968,48,"[4, 5]","[0, 1, 14, 15, 16, 17, 18, 19]",2,8,230.0,False,2.4350579351260524e-10,0.5478267253867511,0.7945878125096811,0.7671128941969952
synthetic_expensive_signal,51968,49,"[0, 4, 5]","[0, 1, 2, 3, 4, 14, 15, 16, 17, 18, 19]",3,11,240.0,False,3.218229623550907e-10,0.5484294165659149,0.7941308590724621,0.7667082775350798
synthetic_expensive_signal,51968,50,"[1, 4, 5]","[0, 1, 5, 6, 7, 14, 15, 16, 17, 18, 19]",3,11,250.0,False,2.632708215062983e-09,0.5467301889702677,0.7961832770531925,0.7687996459914388
synthetic_expensive_signal,51968,51,"[0, 1, 4, 5]","[0, 1, 2, 3, 4, 5, 6, 7, 14, 15, 16, 17, 18, 19]",4,14,260.0,False,2.1386852712470405e-09,0.5471765653621387,0.7956953437219244,0.7679272389359038
synthetic_expensive_signal,51968,52,"[2, 4, 5]","[0, 1, 8, 9, 10, 14, 15, 16, 17, 18, 19]",3,11,265.0,False,9.150316807933728e-10,0.45810351649011477,0.8642925741193964,0.85094419886372
synthetic_expensive_signal,51968,53,"[0, 2, 4, 5]","[0, 1, 2, 3, 4, 8, 9, 10, 14, 15, 16, 17, 18, 19]",4,14,275.0,False,1.6021845385780603e-09,0.45844945038763774,0.8639827751789089,0.8504299960522622
synthetic_expensive_signal,51968,54,"[1, 2, 4, 5]","[0, 1, 5, 6, 7, 8, 9, 10, 14, 15, 16, 17, 18, 19]",4,14,285.0,False,2.8717949657170545e-09,0.45824747236672386,0.8644939434307135,0.851249169462025
synthetic_expensive_signal,51968,55,"[0, 1, 2, 4, 5]","[0, 1, 2, 3, 4, 5, 6, 7, 8, 9, 10, 14, 15, 16, 17, 18, 19]",5,17,295.0,False,1.3282886358838425e-09,0.458443591475634,0.8643080640664209,0.8507701461783455
synthetic_expensive_signal,51968,56,"[3, 4, 5]","[0, 1, 11, 12, 13, 14, 15, 16, 17, 18, 19]",3,11,290.0,False,2.247351193310795e-09,0.5493920124255286,0.7927367638402676,0.7677495867616027
synthetic_expensive_signal,51968,57,"[0, 3, 4, 5]","[0, 1, 2, 3, 4, 11, 12, 13, 14, 15, 16, 17, 18, 19]",4,14,300.0,False,3.4841055070744643e-09,0.5499104970100946,0.7925973543170481,0.7676303196864153
synthetic_expensive_signal,51968,58,"[1, 3, 4, 5]","[0, 1, 5, 6, 7, 11, 12, 13, 14, 15, 16, 17, 18, 19]",4,14,310.0,False,1.8405170241362481e-09,0.5484641864891932,0.7941928188605595,0.7697476135427236
synthetic_expensive_signal,51968,59,"[0, 1, 3, 4, 5]","[0, 1, 2, 3, 4, 5, 6, 7, 11, 12, 13, 14, 15, 16, 17, 18, 19]",5,17,320.0,False,1.6793698676695681e-09,0.5488118448529231,0.7937591003438769,0.7687724413736845
synthetic_expensive_signal,51968,60,"[2, 3, 4, 5]","[0, 1, 8, 9, 10, 11, 12, 13, 14, 15, 16, 17, 18, 19]",4,14,325.0,True,6.971646195061263e-09,0.4606373571647265,0.863053378357446,0.8504607781671872
synthetic_expensive_signal,51968,61,"[0, 2, 3, 4, 5]","[0, 1, 2, 3, 4, 8, 9, 10, 11, 12, 13, 14, 15, 16, 17, 18, 19]",5,17,335.0,False,4.426133669375564e-10,0.4609982457437364,0.8629217138077389,0.8501783602460223
synthetic_expensive_signal,51968,62,"[1, 2, 3, 4, 5]","[0, 1, 5, 6, 7, 8, 9, 10, 11, 12, 13, 14, 15, 16, 17, 18, 19]",5,17,345.0,True,5.093505490653215e-09,0.4608415323069033,0.8625577000526657,0.8501434575167093
synthetic_expensive_signal,51968,63,"[0, 1, 2, 3, 4, 5]","[0, 1, 2, 3, 4, 5, 6, 7, 8, 9, 10, 11, 12, 13, 14, 15, 16, 17, 18, 19]",6,20,355.0,True,1.4376446374650004e-09,0.4610340874941501,0.8629217138077387,0.8503697621397647
synthetic_free_signal,51968,0,[],"[0, 1]",0,2,0.0,True,1.578514818178665e-09,0.4430817632786027,0.8733191512744228,0.8468360281127175
synthetic_free_signal,51968,1,[0],"[0, 1, 2, 3, 4]",1,5,10.0,False,1.2776501178293976e-09,0.4432527379245905,0.8732563524895792,0.8465403442318438
synthetic_free_signal,51968,2,[1],"[0, 1, 5, 6, 7]",1,5,20.0,False,6.672251045381172e-11,0.4432792724940528,0.8732563524895793,0.8470119055725152
synthetic_free_signal,51968,3,"[0, 1]","[0, 1, 2, 3, 4, 5, 6, 7]",2,8,30.0,False,2.2012509566155998e-09,0.4434667127703481,0.8731621543123141,0.8466023687494569
synthetic_free_signal,51968,4,[2],"[0, 1, 8, 9, 10]",1,5,35.0,False,1.9247908554212385e-09,0.44217651010055786,0.8739000400342253,0.8474896735591168
synthetic_free_signal,51968,5,"[0, 2]","[0, 1, 2, 3, 4, 8, 9, 10]",2,8,45.0,False,1.8454826884960693e-09,0.44235118455792133,0.8739706886671742,0.8473771992452293
synthetic_free_signal,51968,6,"[1, 2]","[0, 1, 5, 6, 7, 8, 9, 10]",2,8,55.0,False,2.6229662527081163e-09,0.44236377391115916,0.8737665926164327,0.8472935309193629
synthetic_free_signal,51968,7,"[0, 1, 2]","[0, 1, 2, 3, 4, 5, 6, 7, 8, 9, 10]",3,11,65.0,False,1.4350559493811785e-09,0.44255114687067476,0.8734682983884261,0.8468580872948316
synthetic_free_signal,51968,8,[3],"[0, 1, 11, 12, 13]",1,5,60.0,False,6.78965324557278e-11,0.4433037104405031,0.8734996977808479,0.8465741399897532
synthetic_free_signal,51968,9,"[0, 3]","[0, 1, 2, 3, 4, 11, 12, 13]",2,8,70.0,False,7.618501234407713e-09,0.44354237940744445,0.8731543044642086,0.845594275243033
synthetic_free_signal,51968,10,"[1, 3]","[0, 1, 5, 6, 7, 11, 12, 13]",2,8,80.0,False,7.755545174771323e-09,0.44345711684613776,0.873232802945263,0.8464887765350215
synthetic_free_signal,51968,11,"[0, 1, 3]","[0, 1, 2, 3, 4, 5, 6, 7, 11, 12, 13]",3,11,90.0,False,8.42351874111801e-10,0.44370985958048836,0.8731229050717868,0.8459126080745921
synthetic_free_signal,51968,12,"[2, 3]","[0, 1, 8, 9, 10, 11, 12, 13]",2,8,95.0,False,3.3821713864105625e-09,0.44245945398190833,0.8737587427683274,0.8467223443708755
synthetic_free_signal,51968,13,"[0, 2, 3]","[0, 1, 2, 3, 4, 8, 9, 10, 11, 12, 13]",3,11,105.0,False,8.6629804409971e-09,0.4426972406212682,0.8738215415531709,0.8465574461214564
synthetic_free_signal,51968,14,"[1, 2, 3]","[0, 1, 5, 6, 7, 8, 9, 10, 11, 12, 13]",3,11,115.0,False,5.921675099504326e-09,0.44261002887537065,0.8737744424645383,0.8466973466004202
synthetic_free_signal,51968,15,"[0, 1, 2, 3]","[0, 1, 2, 3, 4, 5, 6, 7, 8, 9, 10, 11, 12, 13]",4,14,125.0,False,3.204337168294632e-09,0.4428583527217275,0.8735075476289533,0.846280501093882
synthetic_free_signal,51968,16,[4],"[0, 1, 14, 15, 16]",1,5,90.0,False,5.256653454264581e-10,0.4429491299421819,0.8736174455024295,0.8473095942574236
synthetic_free_signal,51968,17,"[0, 4]","[0, 1, 2, 3, 4, 14, 15, 16]",2,8,100.0,False,9.897783191550367e-09,0.4431536295263042,0.8736331451986403,0.8469092175052774
synthetic_free_signal,51968,18,"[1, 4]","[0, 1, 5, 6, 7, 14, 15, 16]",2,8,110.0,False,6.062646487717363e-10,0.4431481236114158,0.8734368989960045,0.8471286516077086
synthetic_free_signal,51968,19,"[0, 1, 4]","[0, 1, 2, 3, 4, 5, 6, 7, 14, 15, 16]",3,11,120.0,False,4.903758944137252e-09,0.4433674179888938,0.8731857038566303,0.8462977084436379
synthetic_free_signal,51968,20,"[2, 4]","[0, 1, 8, 9, 10, 14, 15, 16]",2,8,125.0,False,8.856930414078907e-09,0.4419191862111987,0.8742218838065483,0.8477531795999536
synthetic_free_signal,51968,21,"[0, 2, 4]","[0, 1, 2, 3, 4, 8, 9, 10, 14, 15, 16]",3,11,135.0,False,9.058023549364319e-09,0.44212023010871665,0.8741198357811777,0.8472198625759708
synthetic_free_signal,51968,22,"[1, 2, 4]","[0, 1, 5, 6, 7, 8, 9, 10, 14, 15, 16]",3,11,145.0,False,1.200695357208793e-09,0.4421116928429765,0.8740648868444396,0.8473415707332324
synthetic_free_signal,51968,23,"[0, 1, 2, 4]","[0, 1, 2, 3, 4, 5, 6, 7, 8, 9, 10, 14, 15, 16]",4,14,155.0,False,1.972950483318341e-09,0.44232425865662844,0.8738450910974873,0.847138081452346
synthetic_free_signal,51968,24,"[3, 4]","[0, 1, 11, 12, 13, 14, 15, 16]",2,8,150.0,False,6.298297721359e-10,0.44317998066884107,0.8735860461100078,0.846466662076598
synthetic_free_signal,51968,25,"[0, 3, 4]","[0, 1, 2, 3, 4, 11, 12, 13, 14, 15, 16]",3,11,160.0,False,1.1897370158184498e-08,0.4434569291160126,0.8731307549198923,0.8453562409809023
synthetic_free_signal,51968,26,"[1, 3, 4]","[0, 1, 5, 6, 7, 11, 12, 13, 14, 15, 16]",3,11,170.0,False,1.2831983484689388e-08,0.4433391211748086,0.8734133494516881,0.8463940129908584
synthetic_free_signal,51968,27,"[0, 1, 3, 4]","[0, 1, 2, 3, 4, 5, 6, 7, 11, 12, 13, 14, 15, 16]",4,14,180.0,False,1.5067999678252457e-09,0.44362812259025103,0.8730522564388379,0.8453800473709516
synthetic_free_signal,51968,28,"[2, 3, 4]","[0, 1, 8, 9, 10, 11, 12, 13, 14, 15, 16]",3,11,185.0,False,2.93895543365246e-09,0.44221421374702535,0.874072736692545,0.8466872368247299
synthetic_free_signal,51968,29,"[0, 2, 3, 4]","[0, 1, 2, 3, 4, 8, 9, 10, 11, 12, 13, 14, 15, 16]",4,14,195.0,False,2.228326083738739e-09,0.4424827565053296,0.8740962862368613,0.8464980916587864
synthetic_free_signal,51968,30,"[1, 2, 3, 4]","[0, 1, 5, 6, 7, 8, 9, 10, 11, 12, 13, 14, 15, 16]",4,14,205.0,False,5.41259139204541e-09,0.44237432372677044,0.8737273433759057,0.8462559008357774
synthetic_free_signal,51968,31,"[0, 1, 2, 3, 4]","[0, 1, 2, 3, 4, 5, 6, 7, 8, 9, 10, 11, 12, 13, 14, 15, 16]",5,17,215.0,False,8.641311716127123e-10,0.44265192624021427,0.87380584185696,0.8462692834957954
synthetic_free_signal,51968,32,[5],"[0, 1, 17, 18, 19]",1,5,140.0,False,2.8045780471937993e-10,0.4444283127670354,0.8723850193498756,0.8459539079374978
synthetic_free_signal,51968,33,"[0, 5]","[0, 1, 2, 3, 4, 17, 18, 19]",2,8,150.0,False,8.834093857646619e-10,0.4445984645259412,0.8723771695017701,0.8458294154763314
synthetic_free_signal,51968,34,"[1, 5]","[0, 1, 5, 6, 7, 17, 18, 19]",2,8,160.0,False,4.1868717011913266e-10,0.4447225859945822,0.8720631755775525,0.8457747866345682
synthetic_free_signal,51968,35,"[0, 1, 5]","[0, 1, 2, 3, 4, 5, 6, 7, 17, 18, 19]",3,11,170.0,False,8.754177709782197e-10,0.4449056456424526,0.87192972815976,0.8455173177464141
synthetic_free_signal,51968,36,"[2, 5]","[0, 1, 8, 9, 10, 17, 18, 19]",2,8,175.0,True,9.948486537940057e-09,0.44369413482010805,0.8731150552236814,0.846923242271962
synthetic_free_signal,51968,37,"[0, 2, 5]","[0, 1, 2, 3, 4, 8, 9, 10, 17, 18, 19]",3,11,185.0,False,8.607898318831533e-10,0.44386497435182715,0.8728638600843074,0.8466182598220645
synthetic_free_signal,51968,38,"[1, 2, 5]","[0, 1, 5, 6, 7, 8, 9, 10, 17, 18, 19]",3,11,195.0,True,1.0827394798179496e-09,0.4439923867254845,0.8724870673752463,0.8463999279888222
synthetic_free_signal,51968,39,"[0, 1, 2, 5]","[0, 1, 2, 3, 4, 5, 6, 7, 8, 9, 10, 17, 18, 19]",4,14,205.0,False,6.229846086736274e-10,0.4441719674863639,0.8724321184385083,0.846013415257696
synthetic_free_signal,51968,40,"[3, 5]","[0, 1, 11, 12, 13, 17, 18, 19]",2,8,200.0,False,1.2389684351064173e-10,0.4445735280817105,0.8722280223877669,0.8452671492682295
synthetic_free_signal,51968,41,"[0, 3, 5]","[0, 1, 2, 3, 4, 11, 12, 13, 17, 18, 19]",3,11,210.0,False,2.464026760020776e-09,0.44480062368833334,0.8722829713245048,0.844755063552631
synthetic_free_signal,51968,42,"[1, 3, 5]","[0, 1, 5, 6, 7, 11, 12, 13, 17, 18, 19]",3,11,220.0,False,8.091803689365378e-09,0.4448175743394546,0.8719768272483928,0.8447832194506967
synthetic_free_signal,51968,43,"[0, 1, 3, 5]","[0, 1, 2, 3, 4, 5, 6, 7, 11, 12, 13, 17, 18, 19]",4,14,230.0,False,1.3301725426153026e-09,0.4450543354578075,0.8719611275521819,0.8449037239346331
synthetic_free_signal,51968,44,"[2, 3, 5]","[0, 1, 8, 9, 10, 11, 12, 13, 17, 18, 19]",3,11,235.0,False,5.297700793538895e-10,0.44390746304384004,0.8729266588691509,0.8462534290549987
synthetic_free_signal,51968,45,"[0, 2, 3, 5]","[0, 1, 2, 3, 4, 8, 9, 10, 11, 12, 13, 17, 18, 19]",4,14,245.0,False,1.5919556759546862e-09,0.4441312807577278,0.8726990132740933,0.8457641954456109
synthetic_free_signal,51968,46,"[1, 2, 3, 5]","[0, 1, 5, 6, 7, 8, 9, 10, 11, 12, 13, 17, 18, 19]",4,14,255.0,False,3.345182597269116e-09,0.44416324601841145,0.8724713676790354,0.8456893433171571
synthetic_free_signal,51968,47,"[0, 1, 2, 3, 5]","[0, 1, 2, 3, 4, 5, 6, 7, 8, 9, 10, 11, 12, 13, 17, 18, 19]",5,17,265.0,False,1.785111754938461e-09,0.444392733100605,0.8724713676790354,0.8455787497948037
synthetic_free_signal,51968,48,"[4, 5]","[0, 1, 14, 15, 16, 17, 18, 19]",2,8,230.0,False,3.1470043397888116e-09,0.444270163315046,0.8724478181347189,0.8460368332851209
synthetic_free_signal,51968,49,"[0, 4, 5]","[0, 1, 2, 3, 4, 14, 15, 16, 17, 18, 19]",3,11,240.0,False,8.619803467709894e-10,0.4444728318218774,0.8724949172233517,0.8463121432419141
synthetic_free_signal,51968,50,"[1, 4, 5]","[0, 1, 5, 6, 7, 14, 15, 16, 17, 18, 19]",3,11,250.0,False,7.734182397100328e-09,0.4445663806207662,0.8720867251218689,0.8456553643695929
synthetic_free_signal,51968,51,"[0, 1, 4, 5]","[0, 1, 2, 3, 4, 5, 6, 7, 14, 15, 16, 17, 18, 19]",4,14,260.0,False,1.2006103720375963e-09,0.4447799364340698,0.8720867251218689,0.8457906642417556
synthetic_free_signal,51968,52,"[2, 4, 5]","[0, 1, 8, 9, 10, 14, 15, 16, 17, 18, 19]",3,11,265.0,False,5.515629328808911e-09,0.44340840454945996,0.8732328029452631,0.8469251529396946
synthetic_free_signal,51968,53,"[0, 2, 4, 5]","[0, 1, 2, 3, 4, 8, 9, 10, 14, 15, 16, 17, 18, 19]",4,14,275.0,False,1.3015628760318018e-10,0.44360428263130464,0.8730130071983107,0.8462604761945853
synthetic_free_signal,51968,54,"[1, 2, 4, 5]","[0, 1, 5, 6, 7, 8, 9, 10, 14, 15, 16, 17, 18, 19]",4,14,285.0,False,1.1692283245625463e-09,0.44371256855682956,0.8728010612994638,0.8465310627378136
synthetic_free_signal,51968,55,"[0, 1, 2, 4, 5]","[0, 1, 2, 3, 4, 5, 6, 7, 8, 9, 10, 14, 15, 16, 17, 18, 19]",5,17,295.0,True,5.124116598959004e-10,0.443915643907043,0.8724007190460865,0.8460700786158502
synthetic_free_signal,51968,56,"[3, 4, 5]","[0, 1, 11, 12, 13, 14, 15, 16, 17, 18, 19]",3,11,290.0,False,9.537821682392984e-10,0.44442082943169653,0.8722044728434505,0.8448237804199475
synthetic_free_signal,51968,57,"[0, 3, 4, 5]","[0, 1, 2, 3, 4, 11, 12, 13, 14, 15, 16, 17, 18, 19]",4,14,300.0,False,3.1315758260842323e-09,0.44468463455930196,0.8721338242105015,0.8444917432902554
synthetic_free_signal,51968,58,"[1, 3, 4, 5]","[0, 1, 5, 6, 7, 11, 12, 13, 14, 15, 16, 17, 18, 19]",4,14,310.0,False,2.7327488439766285e-09,0.44467056515347314,0.8718747792230219,0.8447960453231707
synthetic_free_signal,51968,59,"[0, 1, 3, 4, 5]","[0, 1, 2, 3, 4, 5, 6, 7, 11, 12, 13, 14, 15, 16, 17, 18, 19]",5,17,320.0,False,8.183827833105896e-10,0.44494153059250074,0.8721181245142907,0.8448940320230722
synthetic_free_signal,51968,60,"[2, 3, 4, 5]","[0, 1, 8, 9, 10, 11, 12, 13, 14, 15, 16, 17, 18, 19]",4,14,325.0,False,1.5344473202640301e-09,0.44363072526313246,0.8730208570464162,0.8460702724582939
synthetic_free_signal,51968,61,"[0, 2, 3, 4, 5]","[0, 1, 2, 3, 4, 8, 9, 10, 11, 12, 13, 14, 15, 16, 17, 18, 19]",5,17,335.0,False,1.8125669751818639e-09,0.4438834827559358,0.8728481603880965,0.8455890335102053
synthetic_free_signal,51968,62,"[1, 2, 3, 4, 5]","[0, 1, 5, 6, 7, 8, 9, 10, 11, 12, 13, 14, 15, 16, 17, 18, 19]",5,17,345.0,False,3.2590226995352256e-09,0.4438961772970414,0.8726205147930388,0.8458726199887601
synthetic_free_signal,51968,63,"[0, 1, 2, 3, 4, 5]","[0, 1, 2, 3, 4, 5, 6, 7, 8, 9, 10, 11, 12, 13, 14, 15, 16, 17, 18, 19]",6,20,355.0,True,1.522444163849631e-09,0.44415261581002075,0.8727775117551475,0.8456725130092537
